ÊéíÂêç,È°πÁõÆÂêçÁß∞,ÂÆåÊï¥ÂêçÁß∞,‰ΩúËÄÖ,ÊèèËø∞,ËØ≠Ë®Ä,Stars,Forks,Issues,ÂàõÂª∫Êó∂Èó¥,Êõ¥Êñ∞Êó∂Èó¥,‰ªìÂ∫ìÈìæÊé•,‰∏ªÈ°µÈìæÊé•,ËÆ∏ÂèØËØÅ,Â§ßÂ∞è(KB),ÊòØÂê¶Fork,ÊòØÂê¶Â∑≤ÂΩíÊ°£
1,AFNetworking,AFNetworking/AFNetworking,AFNetworking,"A delightful networking framework for iOS, macOS, watchOS, and tvOS.",Objective-C,33518,10490,102,2011-05-31T21:28:44Z,2025-07-28T09:08:04Z,https://github.com/AFNetworking/AFNetworking,http://afnetworking.com,MIT License,6129,False,True
2,SDWebImage,SDWebImage/SDWebImage,SDWebImage,Asynchronous image downloader with cache support as a UIImageView category,Objective-C,25401,5986,107,2009-09-21T17:39:19Z,2025-07-27T14:08:18Z,https://github.com/SDWebImage/SDWebImage,https://sdwebimage.github.io,MIT License,25551,False,False
3,WeChatExtension-ForMac,MustangYM/WeChatExtension-ForMac,MustangYM,A plugin for Mac WeChat,Objective-C,22619,3599,902,2019-04-25T03:02:16Z,2025-07-28T08:50:48Z,https://github.com/MustangYM/WeChatExtension-ForMac,,MIT License,208645,False,True
4,GPUImage,BradLarson/GPUImage,BradLarson,An open source iOS framework for GPU-based image and video processing,Objective-C,20313,4601,1002,2012-02-13T15:20:02Z,2025-07-28T09:56:47Z,https://github.com/BradLarson/GPUImage,http://www.sunsetlakesoftware.com/2012/02/12/introducing-gpuimage-framework,"BSD 3-Clause ""New"" or ""Revised"" License",44862,False,False
5,TrollStore,opa334/TrollStore,opa334,Jailed iOS app that can install IPAs permanently with arbitary entitlements and root helpers because it trolls Apple,Objective-C,19923,1305,47,2022-09-02T15:17:20Z,2025-07-28T06:19:48Z,https://github.com/opa334/TrollStore,,Other,10684,False,False
6,Masonry,SnapKit/Masonry,SnapKit,"Harness the power of AutoLayout NSLayoutConstraints with a simplified, chainable and expressive syntax. Supports iOS and OSX Auto Layout",Objective-C,18179,3157,151,2013-07-22T01:15:48Z,2025-07-25T06:02:55Z,https://github.com/SnapKit/Masonry,,MIT License,767,False,False
7,realm-swift,realm/realm-swift,realm,Realm is a mobile database: a replacement for Core Data & SQLite,Objective-C,16526,2199,475,2012-04-16T20:06:56Z,2025-07-28T06:37:10Z,https://github.com/realm/realm-swift,https://realm.io,Apache License 2.0,66700,False,False
8,iTerm2,gnachman/iTerm2,gnachman,iTerm2 is a terminal emulator for Mac OS X that does amazing things.,Objective-C,16155,1232,36,2011-04-07T00:46:28Z,2025-07-28T07:38:18Z,https://github.com/gnachman/iTerm2,https://iterm2.com/,GNU General Public License v2.0,466706,False,False
9,MBProgressHUD,jdg/MBProgressHUD,jdg,MBProgressHUD + Customizations,Objective-C,16014,3585,94,2009-05-31T21:45:41Z,2025-07-22T06:26:06Z,https://github.com/jdg/MBProgressHUD,http://www.bukovinski.com/,MIT License,1254,False,False
10,FLEX,FLEXTool/FLEX,FLEXTool,An in-app debugging and exploration tool for iOS,Objective-C,14386,1751,47,2014-05-29T00:58:29Z,2025-07-27T19:20:02Z,https://github.com/FLEXTool/FLEX,,Other,31355,False,False
11,WebViewJavascriptBridge,marcuswestin/WebViewJavascriptBridge,marcuswestin,An iOS/OSX bridge for sending messages between Obj-C and JavaScript in UIWebViews/WebViews,Objective-C,14332,2983,104,2011-08-28T02:25:27Z,2025-07-28T08:26:37Z,https://github.com/marcuswestin/WebViewJavascriptBridge,http://marcuswest.in,MIT License,522,False,False
12,WeChatPlugin-MacOS,TKkk-iOSer/WeChatPlugin-MacOS,TKkk-iOSer,ÂæÆ‰ø°Â∞èÂä©Êâã,Objective-C,14259,2490,153,2017-04-20T14:37:37Z,2025-07-26T14:42:27Z,https://github.com/TKkk-iOSer/WeChatPlugin-MacOS,,MIT License,25525,False,False
13,YYKit,ibireme/YYKit,ibireme,A collection of iOS components.,Objective-C,14009,3705,305,2013-04-10T19:47:33Z,2025-07-24T14:07:45Z,https://github.com/ibireme/YYKit,,MIT License,56960,False,False
14,keycastr,keycastr/keycastr,keycastr,"KeyCastr, an open-source keystroke visualizer",Objective-C,13940,542,89,2009-02-19T23:59:41Z,2025-07-27T01:47:13Z,https://github.com/keycastr/keycastr,,"BSD 3-Clause ""New"" or ""Revised"" License",52982,False,False
15,fmdb,ccgus/fmdb,ccgus,A Cocoa / Objective-C wrapper around SQLite,Objective-C,13866,2759,271,2010-07-06T22:50:17Z,2025-07-27T17:54:12Z,https://github.com/ccgus/fmdb,,Other,1649,False,False
16,MJRefresh,CoderMJLee/MJRefresh,CoderMJLee,An easy way to use pull-to-refresh.,Objective-C,13832,3545,55,2014-05-23T16:22:32Z,2025-07-25T09:39:29Z,https://github.com/CoderMJLee/MJRefresh,,MIT License,15440,False,False
17,spectacle,eczarny/spectacle,eczarny,Spectacle allows you to organize your windows without using a mouse.,Objective-C,13651,840,148,2010-07-11T01:58:03Z,2025-07-28T01:47:01Z,https://github.com/eczarny/spectacle,https://spectacleapp.com/,Other,12787,False,True
18,hammerspoon,Hammerspoon/hammerspoon,Hammerspoon,Staggeringly powerful macOS desktop automation with Lua,Objective-C,13467,621,638,2014-10-08T19:24:44Z,2025-07-28T02:10:09Z,https://github.com/Hammerspoon/hammerspoon,http://www.hammerspoon.org,MIT License,162336,False,False
19,CocoaLumberjack,CocoaLumberjack/CocoaLumberjack,CocoaLumberjack,"A fast & simple, yet powerful & flexible logging framework for macOS, iOS, tvOS, watchOS and visionOS",Objective-C,13282,2291,6,2011-03-31T02:38:39Z,2025-07-25T10:49:19Z,https://github.com/CocoaLumberjack/CocoaLumberjack,https://cocoalumberjack.github.io,"BSD 3-Clause ""New"" or ""Revised"" License",6073,False,False
20,IGListKit,Instagram/IGListKit,Instagram,A data-driven UICollectionView framework for building fast and flexible lists.,Objective-C,13015,1546,163,2016-09-07T08:39:27Z,2025-07-28T05:18:05Z,https://github.com/Instagram/IGListKit,https://instagram.github.io/IGListKit/,MIT License,9012,False,False
21,CocoaAsyncSocket,robbiehanson/CocoaAsyncSocket,robbiehanson,Asynchronous socket networking library for Mac and iOS,Objective-C,12473,3017,1,2011-11-22T10:25:54Z,2025-07-23T08:14:31Z,https://github.com/robbiehanson/CocoaAsyncSocket,,Other,2281,False,False
22,SVProgressHUD,SVProgressHUD/SVProgressHUD,SVProgressHUD,A clean and lightweight progress HUD for your iOS and tvOS app.,Objective-C,12468,2652,76,2011-03-28T19:23:04Z,2025-07-26T17:59:23Z,https://github.com/SVProgressHUD/SVProgressHUD,https://github.com/SVProgressHUD/SVProgressHUD,MIT License,1426,False,False
23,chameleon,vicc/chameleon,vicc,"Color framework for Swift & Objective-C (Gradient colors, hexcode support, colors from images & more).",Objective-C,12407,1305,66,2014-07-26T09:01:09Z,2025-07-27T19:20:02Z,https://github.com/vicc/chameleon,,Other,11765,False,True
24,WeChatTweak-macOS,sunnyyoung/WeChatTweak-macOS,sunnyyoung,A dynamic library tweak for WeChat macOS - È¶ñÊ¨æÂæÆ‰ø° macOS ÂÆ¢Êà∑Á´ØÊí§ÂõûÊã¶Êà™‰∏éÂ§öÂºÄ üî®,Objective-C,12352,1475,164,2017-01-18T05:42:16Z,2025-07-28T06:20:50Z,https://github.com/sunnyyoung/WeChatTweak-macOS,https://tweaks.app,Apache License 2.0,8778,False,False
25,iCarousel,nicklockwood/iCarousel,nicklockwood,"A simple, highly customisable, data-driven 3D carousel for iOS and Mac OS",Objective-C,12126,2563,399,2011-04-06T23:23:43Z,2025-07-28T01:06:26Z,https://github.com/nicklockwood/iCarousel,http://www.charcoaldesign.co.uk/source/cocoa#icarousel,Other,3896,False,False
26,DZNEmptyDataSet,dzenbot/DZNEmptyDataSet,dzenbot,A drop-in UITableView/UICollectionView superclass category for showing empty datasets whenever the view has no content to display,Objective-C,12067,1728,190,2014-06-03T14:50:31Z,2025-07-22T05:34:56Z,https://github.com/dzenbot/DZNEmptyDataSet,https://www.cocoacontrols.com/controls/dznemptydataset,MIT License,14208,False,True
27,darling,darlinghq/darling,darlinghq,Darwin/macOS emulation layer for Linux,Objective-C,12055,454,309,2012-12-09T10:31:44Z,2025-07-27T14:36:42Z,https://github.com/darlinghq/darling,http://www.darlinghq.org,GNU General Public License v3.0,40514,False,False
28,GitUp,git-up/GitUp,git-up,The Git interface you've been missing all your life has finally arrived.,Objective-C,11744,1353,367,2015-08-13T04:11:10Z,2025-07-27T16:32:31Z,https://github.com/git-up/GitUp,http://gitup.co,GNU General Public License v3.0,65249,False,False
29,JSPatch,bang590/JSPatch,bang590,JSPatch bridge Objective-C and Javascript using the Objective-C runtime. You can call any Objective-C class and method in JavaScript by just including a small engine. JSPatch is generally used to hotfix iOS App.,Objective-C,11367,2236,107,2015-05-25T02:37:22Z,2025-07-27T17:56:24Z,https://github.com/bang590/JSPatch,,MIT License,7890,False,False
30,Mantle,Mantle/Mantle,Mantle,Model framework for Cocoa and Cocoa Touch,Objective-C,11302,1482,0,2012-09-05T06:24:59Z,2025-07-23T07:16:18Z,https://github.com/Mantle/Mantle,,Other,1635,False,False
31,JSQMessagesViewController,jessesquires/JSQMessagesViewController,jessesquires,An elegant messages UI library for iOS,Objective-C,11127,2792,0,2013-02-17T21:40:44Z,2025-07-21T07:23:27Z,https://github.com/jessesquires/JSQMessagesViewController,https://www.jessesquires.com/blog/officially-deprecating-jsqmessagesviewcontroller/,Other,20414,False,True
32,LuLu,objective-see/LuLu,objective-see,LuLu is the free open-source macOS firewall,Objective-C,11105,509,460,2017-09-10T06:56:23Z,2025-07-28T08:00:04Z,https://github.com/objective-see/LuLu,https://objective-see.org/products/lulu.html,GNU General Public License v3.0,25165,False,False
33,MagicalRecord,magicalpanda/MagicalRecord,magicalpanda,Super Awesome Easy Fetching for Core Data!,Objective-C,10767,1783,242,2010-07-27T23:58:18Z,2025-07-26T09:16:28Z,https://github.com/magicalpanda/MagicalRecord,,Other,8165,False,False
34,FSCalendar,WenchaoD/FSCalendar,WenchaoD,"A fully customizable iOS calendar library, compatible with Objective-C and Swift",Objective-C,10671,1956,504,2015-02-15T08:43:09Z,2025-07-27T19:20:04Z,https://github.com/WenchaoD/FSCalendar,,MIT License,2513,False,False
35,RestKit,RestKit/RestKit,RestKit,RestKit is a framework for consuming and modeling RESTful web resources on iOS and OS X,Objective-C,10150,2096,366,2010-02-09T01:14:06Z,2025-07-19T08:23:47Z,https://github.com/RestKit/RestKit,,Apache License 2.0,43492,False,False
36,Easydict,tisfeng/Easydict,tisfeng,‰∏Ä‰∏™ÁÆÄÊ¥Å‰ºòÈõÖÁöÑËØçÂÖ∏ÁøªËØë macOS App„ÄÇÂºÄÁÆ±Âç≥Áî®ÔºåÊîØÊåÅÁ¶ªÁ∫ø OCR ËØÜÂà´ÔºåÊîØÊåÅÊúâÈÅìËØçÂÖ∏Ôºåüçé ËãπÊûúÁ≥ªÁªüËØçÂÖ∏Ôºåüçé ËãπÊûúÁ≥ªÁªüÁøªËØëÔºåOpenAIÔºåGeminiÔºåDeepLÔºåGoogleÔºåBingÔºåËÖæËÆØÔºåÁôæÂ∫¶ÔºåÈòøÈáåÔºåÂ∞èÁâõÔºåÂΩ©‰∫ëÂíåÁÅ´Â±±ÁøªËØë„ÄÇA concise and elegant Dictionary and Translator macOS App for looking up words and translating text. ,Objective-C,10001,492,113,2022-11-15T12:41:53Z,2025-07-28T08:35:04Z,https://github.com/tisfeng/Easydict,,GNU General Public License v3.0,128795,False,False
37,UITableView-FDTemplateLayoutCell,forkingdog/UITableView-FDTemplateLayoutCell,forkingdog,Template auto layout cell for automatically UITableViewCell height calculating,Objective-C,9915,1999,129,2015-04-16T13:14:19Z,2025-07-25T10:47:06Z,https://github.com/forkingdog/UITableView-FDTemplateLayoutCell,,MIT License,4257,False,False
38,Alcatraz,alcatraz/Alcatraz,alcatraz,Package manager for Xcode,Objective-C,9852,1138,39,2013-04-22T16:40:10Z,2025-07-25T10:47:06Z,https://github.com/alcatraz/Alcatraz,alcatraz.io,MIT License,9153,False,True
39,PNChart,kevinzhow/PNChart,kevinzhow,A simple and beautiful chart lib used in Piner and CoinsMan for iOS,Objective-C,9690,1756,174,2013-11-06T22:06:17Z,2025-07-25T10:49:53Z,https://github.com/kevinzhow/PNChart,,MIT License,676,False,False
40,SocketRocket,facebookincubator/SocketRocket,facebookincubator,A conforming Objective-C WebSocket client library.,Objective-C,9597,2018,189,2012-01-30T00:21:34Z,2025-07-24T04:00:02Z,https://github.com/facebookincubator/SocketRocket,,Other,2456,False,False
41,Shimmer,facebookarchive/Shimmer,facebookarchive,"An easy way to add a simple, shimmering effect to any view in an iOS app.",Objective-C,9358,1115,21,2014-02-18T22:15:19Z,2025-07-05T19:35:13Z,https://github.com/facebookarchive/Shimmer,,Other,2770,False,True
42,sequelpro,sequelpro/sequelpro,sequelpro,MySQL/MariaDB database management for macOS,Objective-C,9153,836,528,2013-11-08T05:27:37Z,2025-07-25T23:25:16Z,https://github.com/sequelpro/sequelpro,https://sequelpro.com/,Other,57089,False,False
43,YYText,ibireme/YYText,ibireme,Powerful text framework for iOS to display and edit rich text.,Objective-C,8893,1720,513,2015-11-05T13:13:53Z,2025-07-17T00:09:55Z,https://github.com/ibireme/YYText,,MIT License,21807,False,False
44,BaiduNetdiskPlugin-macOS,CodeTips/BaiduNetdiskPlugin-macOS,CodeTips,For macOS.ÁôæÂ∫¶ÁΩëÁõò Á†¥Ëß£SVIP„ÄÅ‰∏ãËΩΩÈÄüÂ∫¶ÈôêÂà∂~,Objective-C,8780,1778,66,2018-03-06T13:48:48Z,2025-07-28T06:20:51Z,https://github.com/CodeTips/BaiduNetdiskPlugin-macOS,,MIT License,1324,False,True
45,MWPhotoBrowser,mwaterfall/MWPhotoBrowser,mwaterfall,"A simple iOS photo and video browser with grid view, captions and selections.",Objective-C,8755,2700,335,2010-10-21T15:40:47Z,2025-07-17T20:08:23Z,https://github.com/mwaterfall/MWPhotoBrowser,,MIT License,21737,False,False
46,TTTAttributedLabel,TTTAttributedLabel/TTTAttributedLabel,TTTAttributedLabel,"A drop-in replacement for UILabel that supports attributes, data detectors, links, and more",Objective-C,8748,1698,175,2011-05-06T23:37:12Z,2025-07-21T07:25:26Z,https://github.com/TTTAttributedLabel/TTTAttributedLabel,,MIT License,1653,False,False
47,Sloth,sveinbjornt/Sloth,sveinbjornt,"Mac app that shows all open files, directories, sockets, pipes and devices in use by all running processes. Nice GUI for lsof.",Objective-C,8520,164,3,2011-03-28T02:47:23Z,2025-07-28T05:09:18Z,https://github.com/sveinbjornt/Sloth,https://sveinbjorn.org/sloth,"BSD 3-Clause ""New"" or ""Revised"" License",13630,False,False
48,MJExtension,CoderMJLee/MJExtension,CoderMJLee,"A fast, convenient and nonintrusive conversion framework between JSON and model. Your model class doesn't need to extend any base class. You don't need to modify any model file.",Objective-C,8520,2150,27,2014-05-23T15:54:00Z,2025-07-25T09:38:04Z,https://github.com/CoderMJLee/MJExtension,,MIT License,2716,False,False
49,Aspects,steipete/Aspects,steipete,"Delightful, simple library for aspect oriented programming in Objective-C and Swift.",Objective-C,8411,1267,108,2014-05-03T17:06:00Z,2025-07-27T19:20:02Z,https://github.com/steipete/Aspects,https://twitter.com/steipete,MIT License,504,False,False
50,SlackTextViewController,slackhq/SlackTextViewController,slackhq,‚õîÔ∏è**DEPRECATED** ‚õîÔ∏è A drop-in UIViewController subclass with a growing text input view and other useful messaging features,Objective-C,8308,1076,79,2014-08-18T18:46:06Z,2025-07-17T06:51:01Z,https://github.com/slackhq/SlackTextViewController,https://slack.com/,MIT License,16262,False,True
51,VVDocumenter-Xcode,onevcat/VVDocumenter-Xcode,onevcat,"Xcode plug-in which helps you write documentation comment easier, for both Objective-C and Swift.",Objective-C,8290,1529,63,2013-07-16T09:58:02Z,2025-07-25T10:49:32Z,https://github.com/onevcat/VVDocumenter-Xcode,,MIT License,4377,False,True
52,shadowsocks-iOS,shadowsocks/shadowsocks-iOS,shadowsocks,Removed according to regulations.,Objective-C,8174,3456,178,2012-12-27T09:23:49Z,2025-07-25T10:49:50Z,https://github.com/shadowsocks/shadowsocks-iOS,,,13127,False,False
53,TZImagePickerController,banchichen/TZImagePickerController,banchichen,"‰∏Ä‰∏™ÊîØÊåÅÂ§öÈÄâ„ÄÅÈÄâÂéüÂõæÂíåËßÜÈ¢ëÁöÑÂõæÁâáÈÄâÊã©Âô®ÔºåÂêåÊó∂ÊúâÈ¢ÑËßà„ÄÅË£ÅÂâ™ÂäüËÉΩÔºåÊîØÊåÅiOS6+„ÄÇ  A clone of UIImagePickerController, support picking multiple photos„ÄÅoriginal photo„ÄÅvideo, also allow preview photo and video, support iOS6+",Objective-C,8144,1892,71,2016-01-07T09:23:01Z,2025-07-28T06:53:26Z,https://github.com/banchichen/TZImagePickerController,,MIT License,7131,False,False
54,analyze,draveness/analyze,draveness,Draven's Blog,Objective-C,8116,1966,11,2016-03-19T02:53:31Z,2025-07-28T07:25:14Z,https://github.com/draveness/analyze,https://draveness.me,,103436,False,False
55,FastImageCache,path/FastImageCache,path,iOS library for quickly displaying images while scrolling,Objective-C,8096,935,40,2013-08-21T22:44:53Z,2025-07-25T10:49:30Z,https://github.com/path/FastImageCache,,MIT License,1744,False,False
56,iOS-Runtime-Headers,nst/iOS-Runtime-Headers,nst,iOS Objective-C headers as derived from runtime introspection,Objective-C,7979,1608,58,2011-01-09T13:37:14Z,2025-07-28T09:56:05Z,https://github.com/nst/iOS-Runtime-Headers,https://github.com/nst/RuntimeBrowser,,171868,False,False
57,FLAnimatedImage,Flipboard/FLAnimatedImage,Flipboard,Performant animated GIF engine for iOS,Objective-C,7959,1214,84,2014-05-19T17:44:51Z,2025-07-24T08:04:40Z,https://github.com/Flipboard/FLAnimatedImage,,MIT License,4079,False,False
58,Sparkle,sparkle-project/Sparkle,sparkle-project,A software update framework for macOS,Objective-C,7925,1067,22,2009-08-11T07:05:25Z,2025-07-28T08:29:48Z,https://github.com/sparkle-project/Sparkle,https://sparkle-project.org,Other,43963,False,False
59,trip-to-iOS,Aufree/trip-to-iOS,Aufree,A curated list of delightful iOS resources.,Objective-C,7896,2231,0,2015-01-02T08:18:53Z,2025-07-22T05:36:59Z,https://github.com/Aufree/trip-to-iOS,,,156,False,False
60,slate,jigish/slate,jigish,A window management application (replacement for Divvy/SizeUp/ShiftIt),Objective-C,7847,511,264,2011-05-23T08:56:15Z,2025-07-26T17:27:29Z,https://github.com/jigish/slate,,GNU General Public License v3.0,48772,False,False
61,FlatUIKit,Grouper/FlatUIKit,Grouper,A collection of awesome flat UI components for iOS.,Objective-C,7779,942,31,2013-05-08T21:56:44Z,2025-07-25T10:49:20Z,https://github.com/Grouper/FlatUIKit,,MIT License,2121,False,False
62,V2RayX,Cenmrev/V2RayX,Cenmrev,GUI for v2ray-core on macOS,Objective-C,7684,1130,118,2016-02-10T08:56:28Z,2025-07-23T13:46:00Z,https://github.com/Cenmrev/V2RayX,,GNU General Public License v3.0,23703,False,True
63,PureLayout,PureLayout/PureLayout,PureLayout,"The ultimate API for iOS & OS X Auto Layout ‚Äî impressively simple, immensely powerful. Objective-C and Swift compatible.",Objective-C,7624,737,47,2014-06-23T00:13:14Z,2025-07-14T15:38:00Z,https://github.com/PureLayout/PureLayout,,Other,1086,False,False
64,mac-mouse-fix,noah-nuebling/mac-mouse-fix,noah-nuebling,Mac Mouse Fix - Make Your $10 Mouse Better Than an Apple Trackpad!,Objective-C,7521,217,821,2019-08-07T22:09:17Z,2025-07-28T09:32:01Z,https://github.com/noah-nuebling/mac-mouse-fix,https://macmousefix.com/,Other,93298,False,False
65,KVOController,facebookarchive/KVOController,facebookarchive,"Simple, modern, thread-safe key-value observing for iOS and OS X.",Objective-C,7338,923,15,2014-02-24T20:25:08Z,2025-07-26T01:12:22Z,https://github.com/facebookarchive/KVOController,,Other,163,False,True
66,DateTools,MatthewYork/DateTools,MatthewYork,Dates and times made easy in iOS,Objective-C,7227,947,113,2014-03-19T14:55:47Z,2025-07-17T08:39:58Z,https://github.com/MatthewYork/DateTools,,MIT License,673,False,False
67,three20,facebookarchive/three20,facebookarchive,Three20 is an Objective-C library for iPhone developers,Objective-C,7195,1471,204,2009-02-19T06:31:51Z,2025-07-18T00:58:34Z,https://github.com/facebookarchive/three20,,Other,33231,False,True
68,QMUI_iOS,Tencent/QMUI_iOS,Tencent,QMUI iOS‚Äî‚ÄîËá¥Âäõ‰∫éÊèêÈ´òÈ°πÁõÆ UI ÂºÄÂèëÊïàÁéáÁöÑËß£ÂÜ≥ÊñπÊ°à,Objective-C,7179,1409,190,2016-12-20T07:34:32Z,2025-07-21T03:12:39Z,https://github.com/Tencent/QMUI_iOS,http://qmuiteam.com/ios,Other,7197,False,False
69,JVFloatLabeledTextField,jverdi/JVFloatLabeledTextField,jverdi,UITextField subclass with floating labels - inspired by Matt D. Smith's design: http://dribbble.com/shots/1254439--GIF-Mobile-Form-Interaction?list=users,Objective-C,7174,731,28,2013-10-01T04:31:03Z,2025-07-13T18:05:17Z,https://github.com/jverdi/JVFloatLabeledTextField,,MIT License,401,False,False
70,Dash-iOS,Kapeli/Dash-iOS,Kapeli,Dash for iOS was discontinued. Please check out Dash for macOS instead.,Objective-C,7128,920,37,2016-11-06T17:31:43Z,2025-07-23T13:46:04Z,https://github.com/Kapeli/Dash-iOS,https://kapeli.com/dash,Other,54753,False,False
71,ZFPlayer,renzifeng/ZFPlayer,renzifeng,Support customization of any player SDK and control layer(ÊîØÊåÅÂÆöÂà∂‰ªª‰ΩïÊí≠ÊîæÂô®SDKÂíåÊéßÂà∂Â±Ç),Objective-C,7125,1763,248,2016-03-03T03:32:48Z,2025-07-21T07:06:20Z,https://github.com/renzifeng/ZFPlayer,,MIT License,160158,False,False
72,NewsBlur,samuelclay/NewsBlur,samuelclay,NewsBlur is a personal news reader that brings people together to talk about the world. A new sound of an old instrument.,Objective-C,7113,1013,176,2009-01-05T14:00:43Z,2025-07-27T12:31:04Z,https://github.com/samuelclay/NewsBlur,http://www.newsblur.com,MIT License,896744,False,False
73,SWTableViewCell,CEWendel/SWTableViewCell,CEWendel,An easy-to-use UITableViewCell subclass that implements a swippable content view which exposes utility buttons (similar to iOS 7 Mail Application),Objective-C,7108,1266,176,2013-09-10T05:45:34Z,2025-07-12T03:11:59Z,https://github.com/CEWendel/SWTableViewCell,,MIT License,2900,False,False
74,RESideMenu,romaonthego/RESideMenu,romaonthego,iOS 7/8 style side menu with parallax effect.,Objective-C,7082,1338,134,2013-06-17T15:37:52Z,2025-07-14T15:38:48Z,https://github.com/romaonthego/RESideMenu,,MIT License,11964,False,False
75,Sequel-Ace,Sequel-Ace/Sequel-Ace,Sequel-Ace,MySQL/MariaDB database management for macOS,Objective-C,7059,270,213,2020-06-11T13:31:01Z,2025-07-28T03:52:30Z,https://github.com/Sequel-Ace/Sequel-Ace,https://sequel-ace.com,Other,219514,False,False
76,Reachability,tonymillion/Reachability,tonymillion,ARC and GCD Compatible Reachability Class for iOS and MacOS. Drop in replacement for Apple Reachability,Objective-C,6982,1255,69,2011-11-12T00:45:36Z,2025-07-26T18:00:29Z,https://github.com/tonymillion/Reachability,,"BSD 2-Clause ""Simplified"" License",142,False,False
77,MGSwipeTableCell,MortimerGoro/MGSwipeTableCell,MortimerGoro,An easy to use UITableViewCell subclass that allows to display swippable buttons with a variety of transitions.,Objective-C,6958,1072,132,2014-08-09T13:56:25Z,2025-07-25T10:47:13Z,https://github.com/MortimerGoro/MGSwipeTableCell,,MIT License,2169,False,False
78,xctool,facebookarchive/xctool,facebookarchive,An extension for Apple's xcodebuild that makes it easier to test iOS and macOS apps.,Objective-C,6903,735,9,2013-04-24T05:18:44Z,2025-07-13T12:58:52Z,https://github.com/facebookarchive/xctool,,Apache License 2.0,9526,False,True
79,BlocksKit,BlocksKit/BlocksKit,BlocksKit,The Objective-C block utilities you always wish you had.,Objective-C,6868,1259,91,2011-05-17T18:06:36Z,2025-07-26T09:16:49Z,https://github.com/BlocksKit/BlocksKit,,MIT License,5860,False,True
80,jsonmodel,jsonmodel/jsonmodel,jsonmodel,"Magical Data Modeling Framework for JSON - allows rapid creation of smart data models. You can use it in your iOS, macOS, watchOS and tvOS apps.",Objective-C,6843,1046,34,2012-12-02T17:19:21Z,2025-07-26T02:30:22Z,https://github.com/jsonmodel/jsonmodel,,MIT License,1637,False,False
81,MacPass,MacPass/MacPass,MacPass,A native macOS KeePass client ,Objective-C,6807,464,289,2012-07-21T00:48:01Z,2025-07-27T12:17:11Z,https://github.com/MacPass/MacPass,https://macpassapp.org,Other,25879,False,False
82,MMDrawerController,mutualmobile/MMDrawerController,mutualmobile," A lightweight, easy to use, Side Drawer Navigation Controller",Objective-C,6751,1380,190,2013-05-07T14:47:41Z,2025-06-30T20:29:47Z,https://github.com/mutualmobile/MMDrawerController,,MIT License,2930,False,False
83,MonkeyDev,AloneMonkey/MonkeyDev,AloneMonkey,"CaptainHook Tweak„ÄÅLogos Tweak and Command-line Tool„ÄÅPatch iOS Apps,  Without Jailbreak.",Objective-C,6695,1213,183,2017-06-27T10:00:02Z,2025-07-23T13:46:07Z,https://github.com/AloneMonkey/MonkeyDev,,GNU General Public License v3.0,20217,False,False
84,terminal-notifier,julienXX/terminal-notifier,julienXX,Send User Notifications on macOS from the command-line.,Objective-C,6598,332,47,2012-07-15T15:48:59Z,2025-07-27T19:19:59Z,https://github.com/julienXX/terminal-notifier,,Other,1492,False,False
85,GCDWebServer,swisspol/GCDWebServer,swisspol,"The #1 HTTP server for iOS, macOS & tvOS (also includes web based uploader & WebDAV server)",Objective-C,6588,1292,42,2012-12-29T18:22:34Z,2025-07-27T19:20:00Z,https://github.com/swisspol/GCDWebServer,,Other,12325,False,True
86,Onboard,mamaral/Onboard,mamaral,An iOS framework to easily create a beautiful and engaging onboarding experience with only a few lines of code.,Objective-C,6582,761,45,2014-08-19T01:43:54Z,2025-07-28T01:28:07Z,https://github.com/mamaral/Onboard,,MIT License,80037,False,False
87,YTKNetwork,kanyun-inc/YTKNetwork,kanyun-inc,YTKNetwork is a high level request util based on AFNetworking.,Objective-C,6570,1650,126,2014-10-31T09:33:15Z,2025-07-26T09:18:16Z,https://github.com/kanyun-inc/YTKNetwork,,MIT License,653,False,False
88,injectionforxcode,johnno1962/injectionforxcode,johnno1962,Runtime Code Injection for Objective-C & Swift,Objective-C,6560,566,77,2012-05-28T15:37:09Z,2025-07-27T19:19:59Z,https://github.com/johnno1962/injectionforxcode,,MIT License,6639,False,False
89,nimbus,jverkoey/nimbus,jverkoey,The iOS framework that grows only as fast as its documentation,Objective-C,6424,1288,3,2011-06-09T15:01:53Z,2025-07-20T07:20:03Z,https://github.com/jverkoey/nimbus,nimbuskit.info,Apache License 2.0,45418,False,True
90,JazzHands,IFTTT/JazzHands,IFTTT,A simple keyframe-based animation framework for UIKit. Perfect for scrolling app intros.,Objective-C,6394,672,15,2013-09-29T22:03:15Z,2025-07-14T02:36:41Z,https://github.com/IFTTT/JazzHands,http://ifttt.github.io,MIT License,3051,False,False
91,DTCoreText,Cocoanetics/DTCoreText,Cocoanetics,Methods to allow using HTML code with CoreText,Objective-C,6383,1190,44,2011-01-10T15:02:13Z,2025-07-28T02:07:29Z,https://github.com/Cocoanetics/DTCoreText,,"BSD 2-Clause ""Simplified"" License",6203,False,False
92,NWPusher,noodlewerk/NWPusher,noodlewerk,OS X and iOS application and framework to play with the Apple Push Notification service (APNs),Objective-C,6311,677,29,2012-09-09T20:23:33Z,2025-07-15T06:14:06Z,https://github.com/noodlewerk/NWPusher,,"BSD 2-Clause ""Simplified"" License",2838,False,False
93,react-native-image-crop-picker,ivpusic/react-native-image-crop-picker,ivpusic,"iOS/Android image picker with support for camera, video, configurable compression, multiple images and cropping",Objective-C,6259,1595,611,2016-05-17T14:25:03Z,2025-07-28T07:46:13Z,https://github.com/ivpusic/react-native-image-crop-picker,,MIT License,8548,False,False
94,KIF,kif-framework/KIF,kif-framework,Keep It Functional - An iOS Functional Testing Framework,Objective-C,6236,922,51,2011-06-02T00:54:15Z,2025-07-26T22:03:05Z,https://github.com/kif-framework/KIF,,Other,5612,False,False
95,JSONKit,johnezang/JSONKit,johnezang,Objective-C JSON,Objective-C,6211,1648,105,2010-07-27T10:06:21Z,2025-07-26T09:16:24Z,https://github.com/johnezang/JSONKit,,,1191,False,False
96,SDCycleScrollView,gsdios/SDCycleScrollView,gsdios,Autoscroll Banner.   Êó†ÈôêÂæ™ÁéØÂõæÁâá„ÄÅÊñáÂ≠óËΩÆÊí≠Âô®„ÄÇ,Objective-C,6204,1511,505,2015-03-24T09:07:13Z,2025-07-22T05:16:55Z,https://github.com/gsdios/SDCycleScrollView,,MIT License,1973,False,False
97,JXCategoryView,pujiaxin33/JXCategoryView,pujiaxin33,"A powerful and easy to use category view (segmentedcontrol, segmentview, pagingview, pagerview, pagecontrol) (ËÖæËÆØÊñ∞Èóª„ÄÅ‰ªäÊó•Â§¥Êù°„ÄÅQQÈü≥‰πê„ÄÅÁΩëÊòì‰∫ëÈü≥‰πê„ÄÅ‰∫¨‰∏ú„ÄÅÁà±Â•áËâ∫„ÄÅËÖæËÆØËßÜÈ¢ë„ÄÅÊ∑òÂÆù„ÄÅÂ§©Áå´„ÄÅÁÆÄ‰π¶„ÄÅÂæÆÂçöÁ≠âÊâÄÊúâ‰∏ªÊµÅAPPÂàÜÁ±ªÂàáÊç¢ÊªöÂä®ËßÜÂõæ)",Objective-C,6174,1165,38,2018-03-22T07:54:35Z,2025-07-23T07:04:56Z,https://github.com/pujiaxin33/JXCategoryView,,MIT License,31912,False,False
98,AnyBar,tonsky/AnyBar,tonsky,OS X menubar status indicator,Objective-C,5962,159,17,2015-03-02T19:27:52Z,2025-07-26T16:12:45Z,https://github.com/tonsky/AnyBar,,Eclipse Public License 1.0,1078,False,False
99,KeepingYouAwake,newmarcel/KeepingYouAwake,newmarcel,Prevents your Mac from going to sleep.,Objective-C,5937,228,27,2014-10-19T15:52:33Z,2025-07-27T17:43:05Z,https://github.com/newmarcel/KeepingYouAwake,https://keepingyouawake.app,MIT License,7187,False,False
100,XMPPFramework,robbiehanson/XMPPFramework,robbiehanson,An XMPP Framework in Objective-C for Mac and iOS,Objective-C,5913,2077,554,2011-03-31T03:00:41Z,2025-07-17T01:22:26Z,https://github.com/robbiehanson/XMPPFramework,,Other,24749,False,False
