æ’å,é¡¹ç›®åç§°,å®Œæ•´åç§°,ä½œè€…,æè¿°,è¯­è¨€,Stars,Forks,Issues,åˆ›å»ºæ—¶é—´,æ›´æ–°æ—¶é—´,ä»“åº“é“¾æ¥,ä¸»é¡µé“¾æ¥,è®¸å¯è¯,å¤§å°(KB),æ˜¯å¦Fork,æ˜¯å¦å·²å½’æ¡£
1,ohmyzsh,ohmyzsh/ohmyzsh,ohmyzsh,"ğŸ™ƒ   A delightful community-driven (with 2,400+ contributors) framework for managing your zsh configuration. Includes 300+ optional plugins (rails, git, macOS, hub, docker, homebrew, node, php, python, etc), 140+ themes to spice up your morning, and an auto-update tool that makes it easy to keep up with the latest updates from the community.",Shell,181690,26236,512,2009-08-28T18:15:37Z,2025-09-29T01:42:14Z,https://github.com/ohmyzsh/ohmyzsh,https://ohmyz.sh,MIT License,13055,False,False
2,d3,d3/d3,d3,"Bring data to life with SVG, Canvas and HTML. :bar_chart::chart_with_upwards_trend::tada:",Shell,111558,22845,23,2010-09-27T17:22:42Z,2025-09-29T00:37:32Z,https://github.com/d3/d3,https://d3js.org,ISC License,59341,False,False
3,papers-we-love,papers-we-love/papers-we-love,papers-we-love,Papers from the computer science community to read and discuss.,Shell,98674,6111,2,2013-12-15T14:31:41Z,2025-09-29T01:07:12Z,https://github.com/papers-we-love/papers-we-love,http://paperswelove.org/,,230832,False,False
4,nvm,nvm-sh/nvm,nvm-sh,Node Version Manager - POSIX-compliant bash script to manage multiple active node.js versions,Shell,87206,9361,367,2010-04-15T17:47:47Z,2025-09-29T01:47:56Z,https://github.com/nvm-sh/nvm,,MIT License,3892,False,False
5,leetcode-master,youngyangyang04/leetcode-master,youngyangyang04,ã€Šä»£ç éšæƒ³å½•ã€‹LeetCode åˆ·é¢˜æ”»ç•¥ï¼š200é“ç»å…¸é¢˜ç›®åˆ·é¢˜é¡ºåºï¼Œå…±60wå­—çš„è¯¦ç»†å›¾è§£ï¼Œè§†é¢‘éš¾ç‚¹å‰–æï¼Œ50ä½™å¼ æ€ç»´å¯¼å›¾ï¼Œæ”¯æŒC++ï¼ŒJavaï¼ŒPythonï¼ŒGoï¼ŒJavaScriptç­‰å¤šè¯­è¨€ç‰ˆæœ¬ï¼Œä»æ­¤ç®—æ³•å­¦ä¹ ä¸å†è¿·èŒ«ï¼ğŸ”¥ğŸ”¥ æ¥çœ‹çœ‹ï¼Œä½ ä¼šå‘ç°ç›¸è§æ¨æ™šï¼ğŸš€ ,Shell,58495,12192,234,2019-12-14T12:05:42Z,2025-09-29T01:50:42Z,https://github.com/youngyangyang04/leetcode-master,,,99519,False,False
6,pi-hole,pi-hole/pi-hole,pi-hole,A black hole for Internet advertisements,Shell,53501,2884,53,2014-06-08T15:02:55Z,2025-09-29T01:21:00Z,https://github.com/pi-hole/pi-hole,https://pi-hole.net,Other,8719,False,False
7,Docker-OSX,sickcodes/Docker-OSX,sickcodes,Run macOS VM in a Docker! Run near native OSX-KVM in Docker! X11 Forwarding! CI/CD for OS X Security Research! Docker mac Containers.,Shell,51477,2859,408,2020-06-04T11:01:37Z,2025-09-29T01:44:01Z,https://github.com/sickcodes/Docker-OSX,https://hub.docker.com/r/sickcodes/docker-osx,GNU General Public License v3.0,13725,False,False
8,powerlevel10k,romkatv/powerlevel10k,romkatv,A Zsh theme,Shell,51061,2354,130,2019-02-24T19:09:45Z,2025-09-29T01:37:26Z,https://github.com/romkatv/powerlevel10k,,MIT License,71964,False,False
9,windows,dockur/windows,dockur,Windows inside a Docker container.,Shell,46359,3377,49,2024-01-14T13:09:40Z,2025-09-29T01:42:10Z,https://github.com/dockur/windows,,MIT License,1215,False,False
10,acme.sh,acmesh-official/acme.sh,acmesh-official,A pure Unix shell script implementing ACME client protocol,Shell,44094,5364,1326,2015-12-26T12:56:33Z,2025-09-28T23:44:43Z,https://github.com/acmesh-official/acme.sh,https://acme.sh,GNU General Public License v3.0,7179,False,False
11,pure-bash-bible,dylanaraps/pure-bash-bible,dylanaraps,ğŸ“– A collection of pure bash alternatives to external processes.,Shell,40394,3589,62,2018-06-13T01:39:33Z,2025-09-29T01:42:39Z,https://github.com/dylanaraps/pure-bash-bible,,MIT License,232,False,True
12,node,inkonchain/node,inkonchain,How to run an Ink Node,Shell,36910,607,14,2024-05-13T23:20:40Z,2025-09-28T15:55:27Z,https://github.com/inkonchain/node,https://docs.inkonchain.com,MIT License,220,False,False
13,og-aws,open-guides/og-aws,open-guides,ğŸ“™ Amazon Web Services â€” a practical guide,Shell,36334,3900,159,2016-07-13T17:30:16Z,2025-09-28T21:40:12Z,https://github.com/open-guides/og-aws,,Creative Commons Attribution 4.0 International,7680,False,False
14,zsh-autosuggestions,zsh-users/zsh-autosuggestions,zsh-users,Fish-like autosuggestions for zsh,Shell,33900,1917,188,2013-10-26T16:09:37Z,2025-09-29T01:30:46Z,https://github.com/zsh-users/zsh-autosuggestions,,MIT License,583,False,False
15,dokku,dokku/dokku,dokku,A docker-powered PaaS that helps you build and manage the lifecycle of applications,Shell,31259,1998,52,2013-06-08T10:26:57Z,2025-09-28T17:07:11Z,https://github.com/dokku/dokku,https://dokku.com,MIT License,20744,False,False
16,dotfiles,mathiasbynens/dotfiles,mathiasbynens,":wrench: .files, including ~/.macos â€” sensible hacker defaults for macOS",Shell,30998,8704,185,2011-09-05T18:07:54Z,2025-09-28T23:14:42Z,https://github.com/mathiasbynens/dotfiles,https://mths.be/dotfiles,MIT License,850,False,False
17,vscodium,VSCodium/vscodium,VSCodium,binary releases of VS Code without MS branding/telemetry/licensing,Shell,28699,1434,140,2018-08-13T14:26:58Z,2025-09-29T01:04:26Z,https://github.com/VSCodium/vscodium,https://vscodium.com,MIT License,30733,False,False
18,programmer-job-blacklist,shengxinjing/programmer-job-blacklist,shengxinjing,:see_no_evil:ç¨‹åºå‘˜æ‰¾å·¥ä½œé»‘åå•ï¼Œæ¢å·¥ä½œå’Œå½“æŠ€æœ¯åˆä¼™äººéœ€è°¨æ…å•Š æ›´æ–°æœ‰èµ,Shell,28464,1796,171,2016-06-25T06:09:10Z,2025-09-28T06:44:01Z,https://github.com/shengxinjing/programmer-job-blacklist,http://coder.shengxinjing.cn/,MIT License,1141,False,False
19,90DaysOfDevOps,MichaelCade/90DaysOfDevOps,MichaelCade,"This repository started out as a learning in public project for myself and has now become a structured learning map for many in the community. We have 3 years under our belt covering all things DevOps, including Principles, Processes, Tooling and Use Cases surrounding this vast topic. ",Shell,28446,6555,10,2021-12-26T13:55:18Z,2025-09-28T20:28:30Z,https://github.com/MichaelCade/90DaysOfDevOps,https://www.90daysofdevops.com/,Other,374887,False,False
20,v2ray,233boy/v2ray,233boy,æœ€å¥½ç”¨çš„ V2Ray ä¸€é”®å®‰è£…è„šæœ¬ & ç®¡ç†è„šæœ¬,Shell,27030,16574,266,2017-11-18T12:52:18Z,2025-09-29T01:27:33Z,https://github.com/233boy/v2ray,https://233boy.com/v2ray/v2ray-script/,GNU General Public License v3.0,974,False,False
21,gitflow,nvie/gitflow,nvie,Git extensions to provide high-level repository operations for Vincent Driessen's branching model.,Shell,26856,2659,320,2010-01-20T23:14:12Z,2025-09-27T21:34:17Z,https://github.com/nvie/gitflow,http://nvie.com/posts/a-successful-git-branching-model/,Other,5251,False,False
22,setup-ipsec-vpn,hwdsl2/setup-ipsec-vpn,hwdsl2,"Scripts to build your own IPsec VPN server, with IPsec/L2TP, Cisco IPsec and IKEv2",Shell,26802,6469,0,2016-01-07T16:44:12Z,2025-09-28T21:38:59Z,https://github.com/hwdsl2/setup-ipsec-vpn,,Other,11956,False,False
23,fonts,powerline/fonts,powerline,Patched fonts for Powerline users.,Shell,26125,3178,181,2012-12-19T13:31:50Z,2025-09-29T01:43:55Z,https://github.com/powerline/fonts,,,21151,False,False
24,iTerm2-Color-Schemes,mbadolato/iTerm2-Color-Schemes,mbadolato,"Over 425 terminal color schemes/themes for iTerm/iTerm2. Includes ports to Terminal, Konsole, PuTTY, Xresources, XRDB, Remmina, Termite, XFCE, Tilda, FreeBSD VT, Terminator, Kitty, MobaXterm, LXTerminal, Microsoft's Windows Terminal, Visual Studio, Alacritty, Ghostty, and many more",Shell,26047,6498,18,2011-04-01T04:01:46Z,2025-09-29T01:43:48Z,https://github.com/mbadolato/iTerm2-Color-Schemes,http://www.iterm2colorschemes.com,Other,201572,False,False
25,go-cursor-help,yuaotian/go-cursor-help,yuaotian,è§£å†³Cursoråœ¨å…è´¹è®¢é˜…æœŸé—´å‡ºç°ä»¥ä¸‹æç¤ºçš„é—®é¢˜:  Your request has been blocked as our system has detected suspicious activity / You've reached your trial request limit.  /  Too many free trial accounts used on this machine.,Shell,24664,2984,35,2024-12-09T07:07:09Z,2025-09-29T01:18:02Z,https://github.com/yuaotian/go-cursor-help,,MIT License,26081,False,False
26,.tmux,gpakosz/.tmux,gpakosz,"Oh my tmux! My self-contained, pretty & versatile tmux configuration made with ğŸ’›ğŸ©·ğŸ’™ğŸ–¤â¤ï¸ğŸ¤",Shell,23602,3507,20,2012-08-23T13:26:29Z,2025-09-29T00:41:49Z,https://github.com/gpakosz/.tmux,,MIT License,602,False,False
27,streisand,StreisandEffect/streisand,StreisandEffect,"Streisand sets up a new server running your choice of WireGuard, OpenConnect, OpenSSH, OpenVPN, Shadowsocks, sslh, Stunnel, or a Tor bridge. It also generates custom instructions for all of these services. At the end of the run you are given an HTML file with instructions that can be shared with friends, family members, and fellow activists.",Shell,23569,1985,238,2014-03-23T21:56:19Z,2025-09-28T10:54:04Z,https://github.com/StreisandEffect/streisand,https://twitter.com/streisandvpn,Other,4116,False,True
28,neofetch,dylanaraps/neofetch,dylanaraps,ğŸ–¼ï¸  A command-line system information tool written in bash 3.2+,Shell,23266,1765,471,2015-12-30T10:19:46Z,2025-09-28T18:46:51Z,https://github.com/dylanaraps/neofetch,,MIT License,8005,False,True
29,OSX-KVM,kholia/OSX-KVM,kholia,Run macOS on QEMU/KVM. With OpenCore + Monterey + Ventura + Sonoma support now! Only commercial (paid) support is available now to avoid spammy issues. No Mac system is required.,Shell,22242,1949,12,2015-11-06T12:27:28Z,2025-09-28T16:58:21Z,https://github.com/kholia/OSX-KVM,,,178841,False,False
30,zsh-syntax-highlighting,zsh-users/zsh-syntax-highlighting,zsh-users,Fish shell like syntax highlighting for Zsh.,Shell,21721,1357,198,2010-12-25T17:28:55Z,2025-09-28T20:04:58Z,https://github.com/zsh-users/zsh-syntax-highlighting,github.com/zsh-users/zsh-syntax-highlighting,"BSD 3-Clause ""New"" or ""Revised"" License",1565,False,False
31,LxgwWenKai,lxgw/LxgwWenKai,lxgw,An unprofessional open-source Chinese font derived from Fontworks' Klee One. ä¸€æ¬¾éä¸“ä¸šçš„å¼€æºä¸­æ–‡å­—ä½“ï¼ŒåŸºäº FONTWORKS å‡ºå“å­—ä½“ Klee One è¡ç”Ÿã€‚  ,Shell,21648,580,4,2021-01-30T15:41:52Z,2025-09-28T17:37:08Z,https://github.com/lxgw/LxgwWenKai,https://lxgw.github.io/2021/01/28/Klee-Simpchin/,SIL Open Font License 1.1,1885350,False,False
32,dotfiles,lewagon/dotfiles,lewagon,Default configuration for Le Wagon's students,Shell,21331,27735,4,2014-04-04T14:54:29Z,2025-09-27T08:03:10Z,https://github.com/lewagon/dotfiles,https://www.lewagon.com,MIT License,216,False,False
33,ProxmoxVE,community-scripts/ProxmoxVE,community-scripts,Proxmox VE Helper-Scripts (Community Edition) ,Shell,21134,1851,12,2024-11-01T14:06:43Z,2025-09-29T00:32:44Z,https://github.com/community-scripts/ProxmoxVE,https://Helper-Scripts.com,MIT License,27370,False,False
34,spaceship-prompt,spaceship-prompt/spaceship-prompt,spaceship-prompt,"ğŸš€âœ¨ Minimalistic, powerful and extremely customizable Zsh prompt",Shell,20186,965,135,2016-01-30T13:50:02Z,2025-09-28T14:47:12Z,https://github.com/spaceship-prompt/spaceship-prompt,https://spaceship-prompt.sh,MIT License,12826,False,False
35,openvpn-install,Nyr/openvpn-install,Nyr,"OpenVPN road warrior installer for Ubuntu, Debian, AlmaLinux, Rocky Linux, CentOS and Fedora",Shell,20153,5034,0,2013-05-14T12:03:29Z,2025-09-28T23:03:09Z,https://github.com/Nyr/openvpn-install,,MIT License,169,False,False
36,n,tj/n,tj,Node version management,Shell,19388,760,2,2011-01-05T14:53:19Z,2025-09-29T00:02:06Z,https://github.com/tj/n,,MIT License,3370,False,False
37,awesome-neovim,rockerBOO/awesome-neovim,rockerBOO,Collections of awesome neovim plugins.,Shell,19105,877,23,2020-09-18T18:40:59Z,2025-09-28T22:43:34Z,https://github.com/rockerBOO/awesome-neovim,,Creative Commons Zero v1.0 Universal,1571,False,False
38,docker-elk,deviantony/docker-elk,deviantony,The Elastic stack (ELK) powered by Docker and Compose.,Shell,18111,6980,4,2014-11-18T20:07:47Z,2025-09-29T01:50:59Z,https://github.com/deviantony/docker-elk,,MIT License,944,False,False
39,git-extras,tj/git-extras,tj,"GIT utilities -- repo summary, repl, changelog population, author commit percentages and more",Shell,17805,1217,92,2010-08-04T16:32:07Z,2025-09-28T06:24:28Z,https://github.com/tj/git-extras,,MIT License,2171,False,False
40,awesome-cli-apps,agarrharr/awesome-cli-apps,agarrharr,ğŸ–¥ ğŸ“Š ğŸ•¹ ğŸ›  A curated list of command line apps,Shell,17590,987,82,2015-07-09T16:44:07Z,2025-09-29T00:47:36Z,https://github.com/agarrharr/awesome-cli-apps,,,786,False,False
41,v2ray-agent,mack-a/v2ray-agent,mack-a,Xrayã€Tuicã€hysteria2ã€sing-box å…«åˆä¸€ä¸€é”®è„šæœ¬,Shell,17344,5132,12,2019-11-06T02:41:38Z,2025-09-29T00:47:15Z,https://github.com/mack-a/v2ray-agent,https://www.v2ray-agent.com,GNU Affero General Public License v3.0,36151,False,False
42,macos,dockur/macos,dockur,macOS inside a Docker container.,Shell,17284,798,10,2024-06-02T19:42:37Z,2025-09-28T23:23:17Z,https://github.com/dockur/macos,,MIT License,1440,False,False
43,docker-mailserver,docker-mailserver/docker-mailserver,docker-mailserver,"Production-ready fullstack but simple mail server (SMTP, IMAP, LDAP, Antispam, Antivirus, etc.) running inside a container.",Shell,17148,1972,91,2015-03-28T14:56:28Z,2025-09-29T01:41:10Z,https://github.com/docker-mailserver/docker-mailserver,https://docker-mailserver.github.io/docker-mailserver/latest/,MIT License,37548,False,False
44,monaspace,githubnext/monaspace,githubnext,An innovative superfamily of fonts for code,Shell,17079,289,49,2023-09-25T18:56:17Z,2025-09-29T01:35:04Z,https://github.com/githubnext/monaspace,https://monaspace.githubnext.com,SIL Open Font License 1.1,2451736,False,False
45,interview_python,taizilongxu/interview_python,taizilongxu,å…³äºPythonçš„é¢è¯•é¢˜,Shell,17063,5560,30,2015-04-05T02:59:59Z,2025-09-28T12:28:27Z,https://github.com/taizilongxu/interview_python,,,348,False,False
46,Hack,source-foundry/Hack,source-foundry,A typeface designed for source code,Shell,16968,643,132,2015-06-21T22:47:58Z,2025-09-29T01:16:11Z,https://github.com/source-foundry/Hack,http://sourcefoundry.org/hack/,Other,107611,False,False
47,awesome-zsh-plugins,unixorn/awesome-zsh-plugins,unixorn,"A collection of ZSH frameworks, plugins, themes and tutorials.",Shell,16845,567,6,2014-10-07T06:11:17Z,2025-09-28T18:52:27Z,https://github.com/unixorn/awesome-zsh-plugins,,"BSD 3-Clause ""New"" or ""Revised"" License",5238,False,False
48,z,rupa/z,rupa,z - jump around,Shell,16795,1176,104,2009-06-25T22:31:23Z,2025-09-28T19:11:33Z,https://github.com/rupa/z,,Do What The F*ck You Want To Public License,168,False,False
49,rbenv,rbenv/rbenv,rbenv,Manage your app's Ruby environment,Shell,16538,1426,12,2011-08-01T20:51:48Z,2025-09-28T16:49:56Z,https://github.com/rbenv/rbenv,https://rbenv.org/,MIT License,697,False,False
50,awesome-kubernetes,ramitsurana/awesome-kubernetes,ramitsurana,A curated list for awesome kubernetes sources :ship::tada:,Shell,15635,2324,47,2015-10-15T12:14:48Z,2025-09-28T16:50:24Z,https://github.com/ramitsurana/awesome-kubernetes,https://ramitsurana.github.io/awesome-kubernetes,Other,7237,False,False
51,redox,redox-os/redox,redox-os,Mirror of https://gitlab.redox-os.org/redox-os/redox,Shell,15576,942,183,2015-04-20T17:35:19Z,2025-09-29T01:29:26Z,https://github.com/redox-os/redox,,MIT License,9018,False,False
52,awesome-raspberry-pi,thibmaek/awesome-raspberry-pi,thibmaek,"ğŸ“ A curated list of awesome Raspberry Pi tools, projects, images and resources",Shell,15159,1052,7,2016-09-16T13:05:57Z,2025-09-28T09:42:33Z,https://github.com/thibmaek/awesome-raspberry-pi,,Other,558,False,False
53,kaldi,kaldi-asr/kaldi,kaldi-asr,kaldi-asr/kaldi is the official location of the Kaldi project.,Shell,15138,5367,251,2015-04-20T17:23:16Z,2025-09-28T11:57:36Z,https://github.com/kaldi-asr/kaldi,http://kaldi-asr.org,Other,125531,False,False
54,openvpn-install,angristan/openvpn-install,angristan,"Set up your own OpenVPN server on Debian, Ubuntu, Fedora, CentOS, Arch Linux and more",Shell,15128,3214,187,2016-11-20T12:18:45Z,2025-09-29T01:50:35Z,https://github.com/angristan/openvpn-install,https://stanislas.blog/2019/01/how-to-setup-vpn-server-wireguard-nat-ipv6/,MIT License,671,False,False
55,Proxmox,tteck/Proxmox,tteck,Proxmox VE Helper-Scripts,Shell,15061,2617,0,2021-11-30T02:23:37Z,2025-09-27T10:10:00Z,https://github.com/tteck/Proxmox,https://Helper-Scripts.com,MIT License,66206,False,True
56,termux-packages,termux/termux-packages,termux,A package build system for Termux.,Shell,14918,3635,923,2015-06-12T21:48:33Z,2025-09-29T00:41:26Z,https://github.com/termux/termux-packages,https://termux.dev,Other,92989,False,False
57,bash-it,Bash-it/bash-it,Bash-it,A community Bash framework.,Shell,14726,2316,42,2010-10-02T18:36:17Z,2025-09-28T17:43:04Z,https://github.com/Bash-it/bash-it,,MIT License,42881,False,False
58,lynis,CISOfy/lynis,CISOfy,"Lynis - Security auditing tool for Linux, macOS, and UNIX-based systems. Assists with compliance testing (HIPAA/ISO27001/PCI DSS) and system hardening. Agentless, and installation optional.",Shell,14685,1545,166,2013-12-10T14:00:49Z,2025-09-28T19:33:01Z,https://github.com/CISOfy/lynis,https://cisofy.com/lynis/,GNU General Public License v3.0,8832,False,False
59,prezto,sorin-ionescu/prezto,sorin-ionescu,The configuration framework for Zsh,Shell,14324,4483,188,2010-12-16T08:07:04Z,2025-09-26T14:01:06Z,https://github.com/sorin-ionescu/prezto,,MIT License,2299,False,False
60,macOS-Simple-KVM,foxlet/macOS-Simple-KVM,foxlet,"Tools to set up a quick macOS VM in QEMU, accelerated by KVM.",Shell,13841,1147,365,2019-04-22T07:25:20Z,2025-09-28T13:31:25Z,https://github.com/foxlet/macOS-Simple-KVM,,,6915,False,False
61,pure,sindresorhus/pure,sindresorhus,"Pretty, minimal and fast ZSH prompt",Shell,13808,991,37,2012-09-20T18:14:58Z,2025-09-27T17:51:14Z,https://github.com/sindresorhus/pure,,MIT License,724,False,False
62,distributions,nodesource/distributions,nodesource,NodeSource Node.js Binary Distributions,Shell,13764,3095,28,2014-08-14T02:44:10Z,2025-09-27T21:53:17Z,https://github.com/nodesource/distributions,https://nodesource.com,MIT License,1057,False,False
63,nginx-admins-handbook,trimstray/nginx-admins-handbook,trimstray,"How to improve NGINX performance, security, and other important things.",Shell,13739,1101,3,2019-01-28T13:24:15Z,2025-09-28T11:39:05Z,https://github.com/trimstray/nginx-admins-handbook,,MIT License,82179,False,False
64,macos-virtualbox,myspaghetti/macos-virtualbox,myspaghetti,"Push-button installer of macOS Catalina, Mojave, and High Sierra guests in Virtualbox on x86 CPUs for Windows, Linux, and macOS",Shell,13560,1118,1,2018-11-04T17:43:44Z,2025-09-28T21:22:56Z,https://github.com/myspaghetti/macos-virtualbox,,GNU General Public License v2.0,813,False,True
65,tpm,tmux-plugins/tpm,tmux-plugins,Tmux Plugin Manager,Shell,13534,456,146,2014-05-19T09:18:38Z,2025-09-28T21:26:02Z,https://github.com/tmux-plugins/tpm,,MIT License,212,False,False
66,powerlevel9k,Powerlevel9k/powerlevel9k,Powerlevel9k,"Powerlevel9k was a tool for building a beautiful and highly functional CLI, customized for you. P9k had a substantial impact on CLI UX, and its legacy is now continued by P10k.",Shell,13444,929,169,2015-01-29T04:36:00Z,2025-09-25T23:54:28Z,https://github.com/Powerlevel9k/powerlevel9k,https://github.com/romkatv/powerlevel10k,MIT License,4519,False,True
67,fancyss,hq450/fancyss,hq450,fancyss is a project providing tools to across the GFW on asuswrt/merlin based router.,Shell,13048,3225,353,2018-08-26T14:55:55Z,2025-09-27T12:00:26Z,https://github.com/hq450/fancyss,,GNU General Public License v3.0,5595014,False,False
68,git-secrets,awslabs/git-secrets,awslabs,Prevents you from committing secrets and credentials into git repositories,Shell,12971,1225,121,2015-07-15T20:41:19Z,2025-09-28T23:30:16Z,https://github.com/awslabs/git-secrets,,Apache License 2.0,103,False,False
69,haoel.github.io,haoel/haoel.github.io,haoel,,Shell,12953,2049,173,2016-08-09T09:11:27Z,2025-09-27T06:57:15Z,https://github.com/haoel/haoel.github.io,,,1062,False,False
70,terminals-are-sexy,k4m4/terminals-are-sexy,k4m4,"ğŸ’¥ A curated list of Terminal frameworks, plugins & resources for CLI lovers.",Shell,12688,615,115,2017-02-01T14:23:25Z,2025-09-27T20:52:26Z,https://github.com/k4m4/terminals-are-sexy,https://terminalsare.sexy/,Creative Commons Zero v1.0 Universal,596,False,False
71,quickemu,quickemu-project/quickemu,quickemu-project,"Quickly create and run optimised Windows, macOS and Linux virtual machines",Shell,12628,560,90,2020-03-15T23:11:47Z,2025-09-28T21:34:51Z,https://github.com/quickemu-project/quickemu,,MIT License,2298,False,False
72,nsfw_data_scraper,alex000kim/nsfw_data_scraper,alex000kim,Collection of scripts to aggregate image data for the purposes of training an NSFW Image Classifier,Shell,12479,2878,11,2019-01-11T02:21:40Z,2025-09-28T21:42:00Z,https://github.com/alex000kim/nsfw_data_scraper,,MIT License,8472,False,False
73,bocker,p8952/bocker,p8952,Docker implemented in around 100 lines of bash,Shell,12453,748,14,2015-07-14T22:33:49Z,2025-09-26T17:21:31Z,https://github.com/p8952/bocker,https://www.p8952.info/,GNU General Public License v3.0,373,False,False
74,awesome-cheatsheets,skywind3000/awesome-cheatsheets,skywind3000,è¶…çº§é€ŸæŸ¥è¡¨ - ç¼–ç¨‹è¯­è¨€ã€æ¡†æ¶å’Œå¼€å‘å·¥å…·çš„é€ŸæŸ¥è¡¨ï¼Œå•ä¸ªæ–‡ä»¶åŒ…å«ä¸€åˆ‡ä½ éœ€è¦çŸ¥é“çš„ä¸œè¥¿ :zap:,Shell,12251,2119,24,2018-02-10T04:12:42Z,2025-09-28T09:46:01Z,https://github.com/skywind3000/awesome-cheatsheets,,MIT License,346,False,False
75,tmux-resurrect,tmux-plugins/tmux-resurrect,tmux-plugins,Persists tmux environment across system restarts.,Shell,12127,463,274,2014-08-25T20:46:17Z,2025-09-29T01:40:00Z,https://github.com/tmux-plugins/tmux-resurrect,,MIT License,572,False,False
76,docker-minecraft-server,itzg/docker-minecraft-server,itzg,Docker image that provides a Minecraft Server for Java Edition that automatically downloads selected version at startup,Shell,12064,1754,128,2014-05-17T22:38:17Z,2025-09-28T23:52:46Z,https://github.com/itzg/docker-minecraft-server,https://docker-minecraft-server.readthedocs.io/,Apache License 2.0,4793,False,False
77,JetBrainsMono,JetBrains/JetBrainsMono,JetBrains,JetBrains Mono â€“ the free and open-source typeface for developers,Shell,12022,338,189,2019-03-01T14:23:25Z,2025-09-28T15:51:20Z,https://github.com/JetBrains/JetBrainsMono,https://jetbrains.com/mono,SIL Open Font License 1.1,102799,False,False
78,ansible-examples,ansible/ansible-examples,ansible,"A few starter examples of ansible playbooks, to show features and how they work together.  See http://galaxy.ansible.com for example roles from the Ansible community for deploying many popular applications.",Shell,11898,7938,92,2013-03-18T14:15:50Z,2025-09-27T22:53:18Z,https://github.com/ansible/ansible-examples,,,52517,False,True
79,public-image-mirror,DaoCloud/public-image-mirror,DaoCloud,å¾ˆå¤šé•œåƒéƒ½åœ¨å›½å¤–ã€‚æ¯”å¦‚ gcr ã€‚å›½å†…ä¸‹è½½å¾ˆæ…¢ï¼Œéœ€è¦åŠ é€Ÿã€‚è‡´åŠ›äºæä¾›è¿æ¥å…¨ä¸–ç•Œçš„ç¨³å®šå¯é å®‰å…¨çš„å®¹å™¨é•œåƒæœåŠ¡ã€‚,Shell,11713,1332,6,2021-09-09T02:53:40Z,2025-09-29T00:58:23Z,https://github.com/DaoCloud/public-image-mirror,,Apache License 2.0,1164,False,False
80,CodeGuide,fuzhengwei/CodeGuide,fuzhengwei,:books: æœ¬ä»£ç åº“æ˜¯ä½œè€…å°å‚…å“¥å¤šå¹´ä»äº‹ä¸€çº¿äº’è”ç½‘ Java å¼€å‘çš„å­¦ä¹ å†ç¨‹æŠ€æœ¯æ±‡æ€»ï¼Œæ—¨åœ¨ä¸ºå¤§å®¶æä¾›ä¸€ä¸ªæ¸…æ™°è¯¦ç»†çš„å­¦ä¹ æ•™ç¨‹ï¼Œä¾§é‡ç‚¹æ›´å€¾å‘ç¼–å†™Javaæ ¸å¿ƒå†…å®¹ã€‚å¦‚æœæœ¬ä»“åº“èƒ½ä¸ºæ‚¨æä¾›å¸®åŠ©ï¼Œè¯·ç»™äºˆæ”¯æŒ(å…³æ³¨ã€ç‚¹èµã€åˆ†äº«)ï¼,Shell,11697,4065,45,2020-04-14T08:54:33Z,2025-09-28T08:53:52Z,https://github.com/fuzhengwei/CodeGuide,https://bugstack.cn,Apache License 2.0,1363823,False,False
81,omarchy,basecamp/omarchy,basecamp,Opinionated Arch/Hyprland Setup,Shell,11631,1104,392,2025-06-01T07:26:22Z,2025-09-29T01:50:29Z,https://github.com/basecamp/omarchy,https://omarchy.org,MIT License,33559,False,False
82,git-blame-someone-else,jayphelps/git-blame-someone-else,jayphelps,Blame someone else for your bad code.,Shell,11376,269,21,2016-02-06T01:25:55Z,2025-09-27T00:36:28Z,https://github.com/jayphelps/git-blame-someone-else,,MIT License,9,False,False
83,oss-fuzz,google/oss-fuzz,google,OSS-Fuzz - continuous fuzzing for open source software.,Shell,11354,2484,457,2016-07-20T19:39:50Z,2025-09-28T22:49:09Z,https://github.com/google/oss-fuzz,https://google.github.io/oss-fuzz,Apache License 2.0,48720,False,False
84,distrobox,89luca89/distrobox,89luca89,Use any linux distribution inside your terminal. Enable both backward and forward compatibility with software and freedom to use whatever distribution youâ€™re more comfortable with. Mirror available at: https://gitlab.com/89luca89/distrobox,Shell,11353,468,96,2021-11-18T15:41:03Z,2025-09-28T09:25:19Z,https://github.com/89luca89/distrobox,https://distrobox.it/,GNU General Public License v3.0,16279,False,False
85,gvm,moovweb/gvm,moovweb,Go Version Manager,Shell,11280,572,222,2011-12-03T02:34:04Z,2025-09-29T00:31:46Z,https://github.com/moovweb/gvm,http://github.com/moovweb/gvm,MIT License,795,False,False
86,movies-for-hackers,k4m4/movies-for-hackers,k4m4,ğŸ¬ A curated list of movies every hacker & cyberpunk must watch.,Shell,11194,928,130,2017-02-19T15:24:42Z,2025-09-28T17:51:00Z,https://github.com/k4m4/movies-for-hackers,,Creative Commons Zero v1.0 Universal,286,False,False
87,ShellCrash,juewuy/ShellCrash,juewuy,Run sing-box/mihomo as client in shell,Shell,11138,1731,30,2020-07-08T10:55:21Z,2025-09-29T01:38:09Z,https://github.com/juewuy/ShellCrash,,,4342068,False,False
88,oh-my-fish,oh-my-fish/oh-my-fish,oh-my-fish,The Fish Shell Framework,Shell,11041,809,4,2015-09-03T16:47:31Z,2025-09-29T00:28:22Z,https://github.com/oh-my-fish/oh-my-fish,,MIT License,2833,False,False
89,bashtop,aristocratos/bashtop,aristocratos,Linux/OSX/FreeBSD resource monitor,Shell,11028,555,63,2020-03-28T09:58:14Z,2025-09-26T14:01:10Z,https://github.com/aristocratos/bashtop,,Apache License 2.0,883,False,False
90,TabNine,codota/TabNine,codota,AI Code Completions,Shell,10806,523,3,2018-11-06T05:49:28Z,2025-09-27T12:28:02Z,https://github.com/codota/TabNine,https://tabnine.com,MIT License,16448,False,False
91,MagiskOnWSALocal,LSPosed/MagiskOnWSALocal,LSPosed,Integrate Magisk root and Google Apps into WSA (Windows Subsystem for Android),Shell,10256,24753,3,2022-08-14T06:56:53Z,2025-09-29T01:09:00Z,https://github.com/LSPosed/MagiskOnWSALocal,,GNU Affero General Public License v3.0,28844,False,False
92,RetroPie-Setup,RetroPie/RetroPie-Setup,RetroPie,Shell script to set up a Raspberry Pi/Odroid/PC with RetroArch emulator and various cores,Shell,10255,1398,88,2012-07-22T18:49:24Z,2025-09-28T04:17:33Z,https://github.com/RetroPie/RetroPie-Setup,,Other,24332,False,False
93,perf-tools,brendangregg/perf-tools,brendangregg,Performance analysis tools based on Linux perf_events (aka perf) and ftrace,Shell,10251,1668,55,2014-07-10T19:54:14Z,2025-09-26T10:22:36Z,https://github.com/brendangregg/perf-tools,,GNU General Public License v2.0,758,False,False
94,one-key-hidpi,xzhih/one-key-hidpi,xzhih,Enable macOS HiDPI and have a native setting.,Shell,10238,1088,90,2018-04-02T16:30:45Z,2025-09-28T15:36:09Z,https://github.com/xzhih/one-key-hidpi,https://zhih.me/one-key-hidpi/,,3604,False,False
95,winapps,winapps-org/winapps,winapps-org," Run Windows apps such as Microsoft Office/Adobe in Linux (Ubuntu/Fedora) and GNOME/KDE as if they were a part of the native OS, including Nautilus integration. Hard fork of https://github.com/Fmstrat/winapps/",Shell,10222,309,83,2023-07-05T15:05:25Z,2025-09-29T01:10:27Z,https://github.com/winapps-org/winapps,,Other,29903,False,False
96,Command-line-text-processing,learnbyexample/Command-line-text-processing,learnbyexample,":zap: From finding text to search and replace, from sorting to beautifying text and more :art:",Shell,10196,709,0,2017-03-25T04:38:11Z,2025-09-28T13:32:18Z,https://github.com/learnbyexample/Command-line-text-processing,,,965,False,True
97,m3u,YanG-1989/m3u,YanG-1989,ç›´æ’­æº,Shell,10177,1433,1,2022-10-03T22:33:40Z,2025-09-29T01:27:38Z,https://github.com/YanG-1989/m3u,,,3427,False,False
98,super-linter,super-linter/super-linter,super-linter,Combination of multiple linters to run as a GitHub Action or standalone,Shell,10108,1014,24,2019-10-21T13:56:50Z,2025-09-28T20:29:18Z,https://github.com/super-linter/super-linter,https://github.com/super-linter/super-linter,MIT License,38656,False,False
99,docker-pi-hole,pi-hole/docker-pi-hole,pi-hole,Pi-hole in a docker container,Shell,10037,1202,18,2016-02-02T04:33:35Z,2025-09-28T22:14:51Z,https://github.com/pi-hole/docker-pi-hole,https://pi-hole.net,Other,2240,False,False
100,ani-cli,pystardust/ani-cli,pystardust,A cli tool to browse and play anime,Shell,9901,641,16,2021-06-09T12:23:30Z,2025-09-28T23:36:12Z,https://github.com/pystardust/ani-cli,,GNU General Public License v3.0,11985,False,False
