æ’å,é¡¹ç›®åç§°,å®Œæ•´åç§°,ä½œè€…,æè¿°,è¯­è¨€,Stars,Forks,Issues,åˆ›å»ºæ—¶é—´,æ›´æ–°æ—¶é—´,ä»“åº“é“¾æ¥,ä¸»é¡µé“¾æ¥,è®¸å¯è¯,å¤§å°(KB),æ˜¯å¦Fork,æ˜¯å¦å·²å½’æ¡£
1,freeCodeCamp,freeCodeCamp/freeCodeCamp,freeCodeCamp,"freeCodeCamp.org's open-source codebase and curriculum. Learn math, programming, and computer science for free.",TypeScript,424522,41010,317,2014-12-24T17:49:19Z,2025-07-28T17:09:33Z,https://github.com/freeCodeCamp/freeCodeCamp,https://contribute.freecodecamp.org,"BSD 3-Clause ""New"" or ""Revised"" License",508544,False,False
2,build-your-own-x,codecrafters-io/build-your-own-x,codecrafters-io,Master programming by recreating your favorite technologies from scratch.,Markdown,404867,37892,402,2018-05-09T12:03:18Z,2025-07-28T17:06:11Z,https://github.com/codecrafters-io/build-your-own-x,https://codecrafters.io,,1095,False,False
3,awesome,sindresorhus/awesome,sindresorhus,ğŸ˜ Awesome lists about all kinds of interesting topics,,386133,30827,48,2014-07-11T13:42:37Z,2025-07-28T17:09:46Z,https://github.com/sindresorhus/awesome,,Creative Commons Zero v1.0 Universal,1500,False,False
4,free-programming-books,EbookFoundation/free-programming-books,EbookFoundation,:books: Freely available programming books,Python,363887,63848,38,2013-10-11T06:50:37Z,2025-07-28T16:49:41Z,https://github.com/EbookFoundation/free-programming-books,https://ebookfoundation.github.io/free-programming-books/,Creative Commons Attribution 4.0 International,19522,False,False
5,public-apis,public-apis/public-apis,public-apis,A collective list of free APIs,Python,358133,37589,522,2016-03-20T23:49:42Z,2025-07-28T16:58:49Z,https://github.com/public-apis/public-apis,https://APILayer.com/?utm_source=Github&utm_medium=Referral&utm_campaign=Public-apis-repo,MIT License,4771,False,False
6,developer-roadmap,kamranahmedse/developer-roadmap,kamranahmedse,"Interactive roadmaps, guides and other educational content to help developers grow in their careers.",TypeScript,332456,42452,313,2017-03-15T13:45:52Z,2025-07-28T17:03:09Z,https://github.com/kamranahmedse/developer-roadmap,https://roadmap.sh,Other,266455,False,False
7,coding-interview-university,jwasham/coding-interview-university,jwasham,A complete computer science study plan to become a software engineer.,,323460,79735,75,2016-06-06T02:34:12Z,2025-07-28T17:00:11Z,https://github.com/jwasham/coding-interview-university,,Creative Commons Attribution Share Alike 4.0 International,22600,False,False
8,system-design-primer,donnemartin/system-design-primer,donnemartin,Learn how to design large-scale systems. Prep for the system design interview.  Includes Anki flashcards.,Python,313373,51471,510,2017-02-26T16:15:28Z,2025-07-28T16:44:20Z,https://github.com/donnemartin/system-design-primer,,Other,11239,False,False
9,996.ICU,996icu/996.ICU,996icu,Repo for counting stars and contributing. Press F to pay respect to glorious developers.,,273785,21085,16704,2019-03-26T07:31:14Z,2025-07-28T17:00:37Z,https://github.com/996icu/996.ICU,https://996.icu,Other,187831,False,False
10,awesome-python,vinta/awesome-python,vinta,"An opinionated list of awesome Python frameworks, libraries, software and resources.",Python,252310,26027,482,2014-06-27T21:00:06Z,2025-07-28T17:11:48Z,https://github.com/vinta/awesome-python,https://awesome-python.com/,Other,6839,False,False
11,awesome-selfhosted,awesome-selfhosted/awesome-selfhosted,awesome-selfhosted,A list of Free Software network services and web applications which can be hosted on your own servers,,238940,11081,0,2015-06-01T02:33:17Z,2025-07-28T17:06:28Z,https://github.com/awesome-selfhosted/awesome-selfhosted,https://awesome-selfhosted.net/,Other,16670,False,False
12,react,facebook/react,facebook,The library for web and native user interfaces.,JavaScript,237659,49015,1028,2013-05-24T16:15:54Z,2025-07-28T16:54:51Z,https://github.com/facebook/react,https://react.dev,MIT License,1060779,False,False
13,project-based-learning,practical-tutorials/project-based-learning,practical-tutorials,Curated list of project-based tutorials,,236836,30978,233,2017-04-12T05:07:46Z,2025-07-28T17:01:53Z,https://github.com/practical-tutorials/project-based-learning,,MIT License,438,False,False
14,vue,vuejs/vue,vuejs,"This is the repo for Vue 2. For Vue 3, go to https://github.com/vuejs/core",TypeScript,209193,33748,601,2013-07-29T03:24:51Z,2025-07-28T16:11:32Z,https://github.com/vuejs/vue,http://v2.vuejs.org,MIT License,32152,False,False
15,Python,TheAlgorithms/Python,TheAlgorithms,All Algorithms implemented in Python,Python,203328,47109,417,2016-07-16T09:44:01Z,2025-07-28T16:59:42Z,https://github.com/TheAlgorithms/Python,https://thealgorithms.github.io/Python/,MIT License,15436,False,False
16,linux,torvalds/linux,torvalds,Linux kernel source tree,C,198453,57106,487,2011-09-04T22:48:12Z,2025-07-28T16:46:27Z,https://github.com/torvalds/linux,,Other,5609971,False,False
17,javascript-algorithms,trekhleb/javascript-algorithms,trekhleb,ğŸ“ Algorithms and data structures implemented in JavaScript with explanations and links to further readings,JavaScript,192339,30768,364,2018-03-24T07:47:04Z,2025-07-28T15:41:34Z,https://github.com/trekhleb/javascript-algorithms,,MIT License,13564,False,False
18,tensorflow,tensorflow/tensorflow,tensorflow,An Open Source Machine Learning Framework for Everyone,C++,190933,74769,1510,2015-11-07T01:19:20Z,2025-07-28T16:51:20Z,https://github.com/tensorflow/tensorflow,https://tensorflow.org,Apache License 2.0,1183672,False,False
19,computer-science,ossu/computer-science,ossu,ğŸ“ Path to a free self-taught education in Computer Science!,HTML,188929,23571,13,2014-05-04T00:18:39Z,2025-07-28T17:05:16Z,https://github.com/ossu/computer-science,,MIT License,1766,False,False
20,You-Dont-Know-JS,getify/You-Dont-Know-JS,getify,A book series (2 published editions) on the JS language.,,182801,33657,125,2013-11-16T02:37:24Z,2025-07-28T17:02:55Z,https://github.com/getify/You-Dont-Know-JS,,Other,15060,False,False
21,CS-Notes,CyC2018/CS-Notes,CyC2018,:books: æŠ€æœ¯é¢è¯•å¿…å¤‡åŸºç¡€çŸ¥è¯†ã€Leetcodeã€è®¡ç®—æœºæ“ä½œç³»ç»Ÿã€è®¡ç®—æœºç½‘ç»œã€ç³»ç»Ÿè®¾è®¡,,181190,51170,189,2018-02-13T14:56:24Z,2025-07-28T16:19:22Z,https://github.com/CyC2018/CS-Notes,http://cyc2018.xyz,,116179,False,False
22,ohmyzsh,ohmyzsh/ohmyzsh,ohmyzsh,"ğŸ™ƒ   A delightful community-driven (with 2,400+ contributors) framework for managing your zsh configuration. Includes 300+ optional plugins (rails, git, macOS, hub, docker, homebrew, node, php, python, etc), 140+ themes to spice up your morning, and an auto-update tool that makes it easy to keep up with the latest updates from the community.",Shell,180297,26149,500,2009-08-28T18:15:37Z,2025-07-28T17:11:00Z,https://github.com/ohmyzsh/ohmyzsh,https://ohmyz.sh,MIT License,12896,False,False
23,the-book-of-secret-knowledge,trimstray/the-book-of-secret-knowledge,trimstray,"A collection of inspiring lists, manuals, cheatsheets, blogs, hacks, one-liners, cli/web tools and more.",,179930,11204,99,2018-06-23T10:43:14Z,2025-07-28T17:03:14Z,https://github.com/trimstray/the-book-of-secret-knowledge,,MIT License,1748,False,False
24,AutoGPT,Significant-Gravitas/AutoGPT,Significant-Gravitas,"AutoGPT is the vision of accessible AI for everyone, to use and to build on. Our mission is to provide the tools, so that you can focus on what matters.",Python,177287,45904,212,2023-03-16T09:21:07Z,2025-07-28T16:33:20Z,https://github.com/Significant-Gravitas/AutoGPT,https://agpt.co,Other,267170,False,False
25,vscode,microsoft/vscode,microsoft,Visual Studio Code,TypeScript,175071,34001,12070,2015-09-03T20:23:38Z,2025-07-28T17:11:15Z,https://github.com/microsoft/vscode,https://code.visualstudio.com,MIT License,1047108,False,False
26,bootstrap,twbs/bootstrap,twbs,"The most popular HTML, CSS, and JavaScript framework for developing responsive, mobile first projects on the web.",MDX,172722,79122,565,2011-07-29T21:19:00Z,2025-07-28T15:31:08Z,https://github.com/twbs/bootstrap,https://getbootstrap.com,MIT License,258789,False,False
27,flutter,flutter/flutter,flutter,Flutter makes it easy and fast to build beautiful apps for mobile and beyond,Dart,171564,28906,12055,2015-03-06T22:54:58Z,2025-07-28T16:12:49Z,https://github.com/flutter/flutter,https://flutter.dev,"BSD 3-Clause ""New"" or ""Revised"" License",398323,False,False
28,Python-100-Days,jackfrued/Python-100-Days,jackfrued,Python - 100å¤©ä»æ–°æ‰‹åˆ°å¤§å¸ˆ,Jupyter Notebook,170001,54249,732,2018-03-01T16:05:52Z,2025-07-28T16:42:07Z,https://github.com/jackfrued/Python-100-Days,,,396875,False,False
29,gitignore,github/gitignore,github,A collection of useful .gitignore templates,,168272,83041,308,2010-11-08T20:17:14Z,2025-07-28T16:35:41Z,https://github.com/github/gitignore,,Creative Commons Zero v1.0 Universal,2933,False,False
30,the-art-of-command-line,jlevy/the-art-of-command-line,jlevy,"Master the command line, in one page",,157230,14709,251,2015-05-20T15:11:03Z,2025-07-28T17:02:00Z,https://github.com/jlevy/the-art-of-command-line,,,2772,False,False
31,stable-diffusion-webui,AUTOMATIC1111/stable-diffusion-webui,AUTOMATIC1111,Stable Diffusion web UI,Python,154961,28759,2419,2022-08-22T14:05:26Z,2025-07-28T16:56:16Z,https://github.com/AUTOMATIC1111/stable-diffusion-webui,,GNU Affero General Public License v3.0,36427,False,False
32,JavaGuide,Snailclimb/JavaGuide,Snailclimb,ã€ŒJavaå­¦ä¹ +é¢è¯•æŒ‡å—ã€ä¸€ä»½æ¶µç›–å¤§éƒ¨åˆ† Java ç¨‹åºå‘˜æ‰€éœ€è¦æŒæ¡çš„æ ¸å¿ƒçŸ¥è¯†ã€‚å‡†å¤‡ Java é¢è¯•ï¼Œé¦–é€‰ JavaGuideï¼,Java,150997,45938,72,2018-05-07T13:27:00Z,2025-07-28T15:21:25Z,https://github.com/Snailclimb/JavaGuide,https://javaguide.cn,Apache License 2.0,177408,False,False
33,awesome-go,avelino/awesome-go,avelino,"A curated list of awesome Go frameworks, libraries and software",Go,148512,12440,128,2014-07-06T13:42:15Z,2025-07-28T16:58:13Z,https://github.com/avelino/awesome-go,https://awesome-go.com,MIT License,10399,False,False
34,ollama,ollama/ollama,ollama,"Get up and running with Llama 3.3, DeepSeek-R1, Phi-4, Gemma 3, Mistral Small 3.1 and other large language models.",Go,147790,12552,1957,2023-06-26T19:39:32Z,2025-07-28T16:45:10Z,https://github.com/ollama/ollama,https://ollama.com,MIT License,47964,False,False
35,transformers,huggingface/transformers,huggingface,"ğŸ¤— Transformers: the model-definition framework for state-of-the-art machine learning models in text, vision, audio, and multimodal models, for both inference and training. ",Python,147573,29808,1897,2018-10-29T13:56:00Z,2025-07-28T17:05:48Z,https://github.com/huggingface/transformers,https://huggingface.co/transformers,Apache License 2.0,338936,False,False
36,javascript,airbnb/javascript,airbnb,JavaScript Style Guide,JavaScript,147156,26772,172,2012-11-01T23:13:50Z,2025-07-28T14:41:53Z,https://github.com/airbnb/javascript,,MIT License,3689,False,False
37,Microsoft-Activation-Scripts,massgravel/Microsoft-Activation-Scripts,massgravel,"Open-source Windows and Office activator featuring HWID, Ohook, TSforge, KMS38, and Online KMS activation methods, along with advanced troubleshooting.",Batchfile,142762,13828,0,2020-01-12T23:03:34Z,2025-07-28T17:08:31Z,https://github.com/massgravel/Microsoft-Activation-Scripts,https://massgrave.dev,GNU General Public License v3.0,11604,False,False
38,youtube-dl,ytdl-org/youtube-dl,ytdl-org,Command-line program to download videos from YouTube.com and other video sites,Python,136663,10418,4140,2010-10-31T14:35:07Z,2025-07-28T16:55:36Z,https://github.com/ytdl-org/youtube-dl,http://ytdl-org.github.io/youtube-dl/,The Unlicense,65579,False,False
39,next.js,vercel/next.js,vercel,The React Framework,JavaScript,133467,28936,3276,2016-10-05T23:32:51Z,2025-07-28T16:52:41Z,https://github.com/vercel/next.js,https://nextjs.org,MIT License,2301067,False,False
40,awesome-chatgpt-prompts,f/awesome-chatgpt-prompts,f,This repo includes ChatGPT prompt curation to use ChatGPT and other LLM tools better.,JavaScript,131495,17440,277,2022-12-05T13:54:13Z,2025-07-28T17:11:47Z,https://github.com/f/awesome-chatgpt-prompts,https://prompts.chat,Creative Commons Zero v1.0 Universal,1548,False,False
41,go,golang/go,golang,The Go programming language,Go,129111,18275,9435,2014-08-19T04:33:40Z,2025-07-28T16:47:47Z,https://github.com/golang/go,https://go.dev,"BSD 3-Clause ""New"" or ""Revised"" License",399101,False,False
42,fucking-algorithm,labuladong/fucking-algorithm,labuladong,"åˆ·ç®—æ³•å…¨é å¥—è·¯ï¼Œè®¤å‡† labuladong å°±å¤Ÿäº†ï¼English version supported! Crack LeetCode, not only how, but also why. ",Markdown,128732,23402,43,2020-02-19T09:01:23Z,2025-07-28T14:26:14Z,https://github.com/labuladong/fucking-algorithm,https://labuladong.online/algo/,,126276,False,False
43,tech-interview-handbook,yangshun/tech-interview-handbook,yangshun,ğŸ’¯ Curated coding interview preparation materials for busy software engineers,TypeScript,128037,15586,54,2016-07-05T05:00:48Z,2025-07-28T15:50:58Z,https://github.com/yangshun/tech-interview-handbook,https://www.techinterviewhandbook.org,MIT License,32795,False,False
44,scrcpy,Genymobile/scrcpy,Genymobile,Display and control your Android device,C,125697,11770,2494,2017-11-21T18:00:27Z,2025-07-28T17:10:14Z,https://github.com/Genymobile/scrcpy,,Apache License 2.0,7563,False,False
45,30-seconds-of-code,Chalarangelo/30-seconds-of-code,Chalarangelo,Coding articles to level up your development skills,JavaScript,124712,12269,0,2017-11-29T17:35:03Z,2025-07-28T12:52:09Z,https://github.com/Chalarangelo/30-seconds-of-code,https://30secondsofcode.org/,Creative Commons Attribution 4.0 International,740268,False,False
46,n8n,n8n-io/n8n,n8n-io,"Fair-code workflow automation platform with native AI capabilities. Combine visual building with custom code, self-host or cloud, 400+ integrations.",TypeScript,124448,37748,983,2019-06-22T09:24:21Z,2025-07-28T17:05:05Z,https://github.com/n8n-io/n8n,https://n8n.io,Other,235403,False,False
47,react-native,facebook/react-native,facebook,A framework for building native applications using React,C++,123180,24769,1065,2015-01-09T18:10:16Z,2025-07-28T17:06:40Z,https://github.com/facebook/react-native,https://reactnative.dev,MIT License,926930,False,False
48,HelloGitHub,521xueweihan/HelloGitHub,521xueweihan,":octocat: åˆ†äº« GitHub ä¸Šæœ‰è¶£ã€å…¥é—¨çº§çš„å¼€æºé¡¹ç›®ã€‚Share interesting, entry-level open source projects on GitHub.",Python,122935,10578,208,2016-05-04T06:24:11Z,2025-07-28T17:08:47Z,https://github.com/521xueweihan/HelloGitHub,https://hellogithub.com,,8741,False,False
49,PowerToys,microsoft/PowerToys,microsoft,Windows system utilities to maximize productivity,C#,121250,7209,6921,2019-05-01T17:44:02Z,2025-07-28T16:50:57Z,https://github.com/microsoft/PowerToys,,MIT License,440461,False,False
50,yt-dlp,yt-dlp/yt-dlp,yt-dlp,A feature-rich command-line audio/video downloader,Python,120335,9542,1990,2020-10-26T04:22:55Z,2025-07-28T16:43:28Z,https://github.com/yt-dlp/yt-dlp,https://discord.gg/H5MNcFW63r,The Unlicense,55809,False,False
51,electron,electron/electron,electron,":electron: Build cross-platform desktop apps with JavaScript, HTML, and CSS",C++,117644,16246,880,2013-04-12T01:47:36Z,2025-07-28T17:02:15Z,https://github.com/electron/electron,https://electronjs.org,MIT License,178472,False,False
52,kubernetes,kubernetes/kubernetes,kubernetes,Production-Grade Container Scheduling and Management,Go,116570,41028,2500,2014-06-06T22:56:04Z,2025-07-28T17:06:45Z,https://github.com/kubernetes/kubernetes,https://kubernetes.io,Apache License 2.0,1389717,False,False
53,hello-algo,krahets/hello-algo,krahets,"ã€ŠHello ç®—æ³•ã€‹ï¼šåŠ¨ç”»å›¾è§£ã€ä¸€é”®è¿è¡Œçš„æ•°æ®ç»“æ„ä¸ç®—æ³•æ•™ç¨‹ã€‚æ”¯æŒ Python, Java, C++, C, C#, JS, Go, Swift, Rust, Ruby, Kotlin, TS, Dart ä»£ç ã€‚ç®€ä½“ç‰ˆå’Œç¹ä½“ç‰ˆåŒæ­¥æ›´æ–°ï¼ŒEnglish version in translation",Java,114802,14205,24,2022-11-04T11:08:34Z,2025-07-28T16:00:31Z,https://github.com/krahets/hello-algo,https://www.hello-algo.com,Other,365949,False,False
54,free-programming-books-zh_CN,justjavac/free-programming-books-zh_CN,justjavac,:books: å…è´¹çš„è®¡ç®—æœºç¼–ç¨‹ç±»ä¸­æ–‡ä¹¦ç±ï¼Œæ¬¢è¿æŠ•ç¨¿,,114779,28357,31,2013-11-04T01:59:19Z,2025-07-28T16:05:24Z,https://github.com/justjavac/free-programming-books-zh_CN,http://weibo.com/justjavac,GNU General Public License v3.0,1059,False,False
55,langchain,langchain-ai/langchain,langchain-ai,ğŸ¦œğŸ”— Build context-aware reasoning applications,Jupyter Notebook,112412,18351,277,2022-10-17T02:58:36Z,2025-07-28T17:08:41Z,https://github.com/langchain-ai/langchain,https://python.langchain.com,MIT License,458686,False,False
56,node,nodejs/node,nodejs,Node.js JavaScript runtime âœ¨ğŸ¢ğŸš€âœ¨,JavaScript,112398,32312,2315,2014-11-26T19:57:11Z,2025-07-28T17:08:35Z,https://github.com/nodejs/node,https://nodejs.org,Other,1322846,False,False
57,d3,d3/d3,d3,"Bring data to life with SVG, Canvas and HTML. :bar_chart::chart_with_upwards_trend::tada:",Shell,111152,22844,21,2010-09-27T17:22:42Z,2025-07-28T17:02:59Z,https://github.com/d3/d3,https://d3js.org,ISC License,59341,False,False
58,dify,langgenius/dify,langgenius,Production-ready platform for agentic workflow development.,TypeScript,108749,16549,761,2023-04-12T07:40:24Z,2025-07-28T16:59:25Z,https://github.com/langgenius/dify,https://dify.ai,Other,107231,False,False
59,free-for-dev,ripienaar/free-for-dev,ripienaar,"A list of SaaS, PaaS and IaaS offerings that have free tiers of interest to devops and infradev",HTML,107868,11149,12,2015-03-18T21:06:26Z,2025-07-28T16:45:11Z,https://github.com/ripienaar/free-for-dev,https://free-for.dev/,,8869,False,False
60,three.js,mrdoob/three.js,mrdoob,JavaScript 3D Library.,JavaScript,107823,35914,565,2010-03-23T18:58:01Z,2025-07-28T17:06:08Z,https://github.com/mrdoob/three.js,https://threejs.org/,MIT License,1451233,False,False
61,axios,axios/axios,axios,Promise based HTTP client for the browser and node.js,JavaScript,107315,11182,690,2014-08-18T22:30:27Z,2025-07-28T15:34:19Z,https://github.com/axios/axios,https://axios-http.com,MIT License,20675,False,False
62,TypeScript,microsoft/TypeScript,microsoft,TypeScript is a superset of JavaScript that compiles to clean JavaScript output.,TypeScript,105418,12935,5990,2014-06-17T15:28:39Z,2025-07-28T16:00:43Z,https://github.com/microsoft/TypeScript,https://www.typescriptlang.org,Apache License 2.0,2945120,False,False
63,rust,rust-lang/rust,rust-lang,Empowering everyone to build reliable and efficient software.,Rust,105356,13584,11442,2010-06-16T20:39:03Z,2025-07-28T16:33:36Z,https://github.com/rust-lang/rust,https://www.rust-lang.org,Other,735212,False,False
64,excalidraw,excalidraw/excalidraw,excalidraw,Virtual whiteboard for sketching hand-drawn like diagrams,TypeScript,104387,10386,2255,2020-01-02T01:04:43Z,2025-07-28T16:30:03Z,https://github.com/excalidraw/excalidraw,https://excalidraw.com,MIT License,93700,False,False
65,open-webui,open-webui/open-webui,open-webui,"User-friendly AI Interface (Supports Ollama, OpenAI API, ...)",JavaScript,104200,14012,286,2023-10-06T22:08:27Z,2025-07-28T17:02:56Z,https://github.com/open-webui/open-webui,https://openwebui.com,Other,249580,False,False
66,deno,denoland/deno,denoland,A modern runtime for JavaScript and TypeScript.,Rust,103713,5661,2323,2018-05-15T01:34:26Z,2025-07-28T16:32:28Z,https://github.com/denoland/deno,https://deno.com,MIT License,176758,False,False
67,nodebestpractices,goldbergyoni/nodebestpractices,goldbergyoni,:white_check_mark:  The Node.js best practices list (July 2024),Dockerfile,103689,10538,82,2017-09-15T08:33:19Z,2025-07-28T14:01:34Z,https://github.com/goldbergyoni/nodebestpractices,https://twitter.com/nodepractices/,Creative Commons Attribution Share Alike 4.0 International,69535,False,False
68,create-react-app,facebook/create-react-app,facebook,Set up a modern web app by running one command.,JavaScript,103382,27048,2329,2016-07-17T14:55:11Z,2025-07-28T16:37:05Z,https://github.com/facebook/create-react-app,https://create-react-app.dev,MIT License,25186,False,False
69,GitHub-Chinese-Top-Charts,GrowingGit/GitHub-Chinese-Top-Charts,GrowingGit,:cn: GitHubä¸­æ–‡æ’è¡Œæ¦œï¼Œå„è¯­è¨€åˆ†è®¾ã€Œè½¯ä»¶ | èµ„æ–™ã€æ¦œå•ï¼Œç²¾å‡†å®šä½ä¸­æ–‡å¥½é¡¹ç›®ã€‚å„å–æ‰€éœ€ï¼Œé«˜æ•ˆå­¦ä¹ ã€‚,Java,100772,13184,188,2019-09-05T03:01:56Z,2025-07-28T16:34:00Z,https://github.com/GrowingGit/GitHub-Chinese-Top-Charts,,Other,123199,False,False
70,godot,godotengine/godot,godotengine,Godot Engine â€“ Multi-platform 2D and 3D game engine,C++,99327,22874,15892,2014-01-04T16:05:36Z,2025-07-28T16:47:03Z,https://github.com/godotengine/godot,https://godotengine.org,MIT License,1610572,False,False
71,terminal,microsoft/terminal,microsoft,"The new Windows Terminal and the original Windows console host, all in the same place!",C++,99019,8672,1674,2017-08-11T18:38:22Z,2025-07-28T15:12:44Z,https://github.com/microsoft/terminal,,MIT License,154888,False,False
72,DeepSeek-V3,deepseek-ai/DeepSeek-V3,deepseek-ai,,Python,98404,16028,74,2024-12-26T09:52:40Z,2025-07-28T16:51:04Z,https://github.com/deepseek-ai/DeepSeek-V3,,MIT License,1722,False,False
73,angular,angular/angular,angular,Deliver web apps with confidence ğŸš€,TypeScript,98375,26461,1570,2014-09-18T16:12:01Z,2025-07-28T17:06:18Z,https://github.com/angular/angular,https://angular.dev,MIT License,559383,False,False
74,frp,fatedier/frp,fatedier,A fast reverse proxy to help you expose a local server behind a NAT or firewall to the internet.,Go,96633,14257,62,2015-12-21T15:24:59Z,2025-07-28T15:57:39Z,https://github.com/fatedier/frp,,Apache License 2.0,30479,False,False
75,papers-we-love,papers-we-love/papers-we-love,papers-we-love,Papers from the computer science community to read and discuss.,Shell,96288,6032,1,2013-12-15T14:31:41Z,2025-07-28T17:10:26Z,https://github.com/papers-we-love/papers-we-love,http://paperswelove.org/,,230832,False,False
76,material-ui,mui/material-ui,mui,Material UI: Comprehensive React component library that implements Google's Material Design. Free forever.,TypeScript,96233,32601,1764,2014-08-18T19:11:54Z,2025-07-28T15:59:31Z,https://github.com/mui/material-ui,https://mui.com/material-ui/,MIT License,692265,False,False
77,iptv,iptv-org/iptv,iptv-org,Collection of publicly available IPTV channels from all over the world,TypeScript,95815,3783,475,2018-11-14T22:00:57Z,2025-07-28T16:52:28Z,https://github.com/iptv-org/iptv,https://iptv-org.github.io,The Unlicense,947262,False,False
78,ant-design,ant-design/ant-design,ant-design,An enterprise-class UI design language and React UI library,TypeScript,95482,53083,1281,2015-04-24T15:37:24Z,2025-07-28T16:27:39Z,https://github.com/ant-design/ant-design,https://ant.design,MIT License,230591,False,False
79,Awesome-Hacking,Hack-with-Github/Awesome-Hacking,Hack-with-Github,"A collection of various awesome lists for hackers, pentesters and security researchers",,95479,9426,26,2016-03-30T15:47:10Z,2025-07-28T16:01:03Z,https://github.com/Hack-with-Github/Awesome-Hacking,,Creative Commons Zero v1.0 Universal,160,False,False
80,tauri,tauri-apps/tauri,tauri-apps,"Build smaller, faster, and more secure desktop and mobile applications with a web frontend.",Rust,94995,2984,1178,2019-07-13T09:09:37Z,2025-07-28T17:07:46Z,https://github.com/tauri-apps/tauri,https://tauri.app,Apache License 2.0,96987,False,False
81,rustdesk,rustdesk/rustdesk,rustdesk,"An open-source remote desktop application designed for self-hosting, as an alternative to TeamViewer.",Rust,94017,13729,70,2020-09-28T15:36:08Z,2025-07-28T16:45:35Z,https://github.com/rustdesk/rustdesk,https://rustdesk.com,GNU Affero General Public License v3.0,61351,False,False
82,clean-code-javascript,ryanmcdermott/clean-code-javascript,ryanmcdermott,Clean Code concepts adapted for JavaScript,JavaScript,93279,12450,109,2016-11-25T22:25:41Z,2025-07-28T16:48:00Z,https://github.com/ryanmcdermott/clean-code-javascript,,MIT License,520,False,False
83,generative-ai-for-beginners,microsoft/generative-ai-for-beginners,microsoft,"21 Lessons, Get Started Building with Generative AI  ğŸ”— https://microsoft.github.io/generative-ai-for-beginners/",Jupyter Notebook,93256,48170,13,2023-06-19T16:28:59Z,2025-07-28T17:11:47Z,https://github.com/microsoft/generative-ai-for-beginners,https://microsoft.github.io/generative-ai-for-beginners/,MIT License,3891883,False,False
84,thefuck,nvbn/thefuck,nvbn,Magnificent app which corrects your previous console command.,Python,93077,3732,387,2015-04-08T15:08:04Z,2025-07-28T16:58:27Z,https://github.com/nvbn/thefuck,,MIT License,4043,False,False
85,java-design-patterns,iluwatar/java-design-patterns,iluwatar,Design patterns implemented in Java,Java,92334,27113,157,2014-08-09T16:45:18Z,2025-07-28T15:11:41Z,https://github.com/iluwatar/java-design-patterns,https://java-design-patterns.com,Other,46853,False,False
86,langflow,langflow-ai/langflow,langflow-ai,Langflow is a powerful tool for building and deploying AI-powered agents and workflows.,Python,91969,7174,848,2023-02-08T22:28:03Z,2025-07-28T17:10:23Z,https://github.com/langflow-ai/langflow,http://www.langflow.org,MIT License,788311,False,False
87,ui,shadcn-ui/ui,shadcn-ui,"A set of beautifully-designed, accessible components and a code distribution platform. Works with your favorite frameworks. Open Source. Open Code.",TypeScript,91841,6381,1739,2023-01-04T12:43:27Z,2025-07-28T17:11:52Z,https://github.com/shadcn-ui/ui,https://ui.shadcn.com,MIT License,35148,False,False
88,pytorch,pytorch/pytorch,pytorch,Tensors and Dynamic neural networks in Python with strong GPU acceleration,Python,91835,24787,16649,2016-08-13T05:26:41Z,2025-07-28T17:01:14Z,https://github.com/pytorch/pytorch,https://pytorch.org,Other,1079942,False,False
89,HowToCook,Anduin2017/HowToCook,Anduin2017,ç¨‹åºå‘˜åœ¨å®¶åšé¥­æ–¹æ³•æŒ‡å—ã€‚Programmer's guide about how to cook at home (Simplified Chinese only).,Dockerfile,91582,10403,438,2020-02-29T10:43:49Z,2025-07-28T16:45:18Z,https://github.com/Anduin2017/HowToCook,https://cook.aiursoft.cn,The Unlicense,465027,False,False
90,neovim,neovim/neovim,neovim,Vim-fork focused on extensibility and usability,Vim Script,91447,6211,1972,2014-01-31T13:39:22Z,2025-07-28T16:31:13Z,https://github.com/neovim/neovim,https://neovim.io,Other,334739,False,False
91,puppeteer,puppeteer/puppeteer,puppeteer,JavaScript API for Chrome and Firefox,TypeScript,91275,9235,270,2017-05-09T22:16:13Z,2025-07-28T16:16:05Z,https://github.com/puppeteer/puppeteer,https://pptr.dev,Apache License 2.0,1133688,False,False
92,Web-Dev-For-Beginners,microsoft/Web-Dev-For-Beginners,microsoft,"24 Lessons, 12 Weeks, Get Started as a Web Developer",JavaScript,90801,13751,156,2020-11-10T02:44:00Z,2025-07-28T17:02:27Z,https://github.com/microsoft/Web-Dev-For-Beginners,https://microsoft.github.io/Web-Dev-For-Beginners/,MIT License,95735,False,False
93,DeepSeek-R1,deepseek-ai/DeepSeek-R1,deepseek-ai,,,90685,11703,81,2025-01-20T11:57:28Z,2025-07-28T16:51:22Z,https://github.com/deepseek-ai/DeepSeek-R1,,MIT License,1571,False,False
94,vue-element-admin,PanJiaChen/vue-element-admin,PanJiaChen,:tada: A magical vue admin                                                                https://panjiachen.github.io/vue-element-admin,Vue,89702,30643,1363,2017-04-17T03:35:49Z,2025-07-28T09:09:54Z,https://github.com/PanJiaChen/vue-element-admin,,MIT License,15433,False,False
95,tailwindcss,tailwindlabs/tailwindcss,tailwindlabs,A utility-first CSS framework for rapid UI development.,TypeScript,89271,4644,86,2017-10-06T14:59:14Z,2025-07-28T17:03:12Z,https://github.com/tailwindlabs/tailwindcss,https://tailwindcss.com/,MIT License,111546,False,False
96,fastapi,fastapi/fastapi,fastapi,"FastAPI framework, high performance, easy to learn, fast to code, ready for production",Python,87735,7652,296,2018-12-08T08:21:47Z,2025-07-28T17:11:51Z,https://github.com/fastapi/fastapi,https://fastapi.tiangolo.com/,MIT License,27496,False,False
97,every-programmer-should-know,mtdvio/every-programmer-should-know,mtdvio,A collection of (mostly) technical things every software developer should know about,,87567,8034,55,2017-08-24T13:18:26Z,2025-07-28T16:39:31Z,https://github.com/mtdvio/every-programmer-should-know,,Creative Commons Attribution 4.0 International,183,False,False
98,storybook,storybookjs/storybook,storybookjs,"Storybook is the industry standard workshop for building, documenting, and testing UI components in isolation",TypeScript,87348,9627,2162,2016-03-18T04:23:44Z,2025-07-28T15:35:48Z,https://github.com/storybookjs/storybook,https://storybook.js.org,MIT License,1039351,False,False
99,supabase,supabase/supabase,supabase,"The Postgres development platform. Supabase gives you a dedicated Postgres database to build your web, mobile, and AI applications.",TypeScript,86264,9331,731,2019-10-12T05:56:49Z,2025-07-28T17:09:45Z,https://github.com/supabase/supabase,https://supabase.com,Apache License 2.0,1742861,False,False
100,nvm,nvm-sh/nvm,nvm-sh,Node Version Manager - POSIX-compliant bash script to manage multiple active node.js versions,Shell,86058,9091,357,2010-04-15T17:47:47Z,2025-07-28T16:42:11Z,https://github.com/nvm-sh/nvm,,MIT License,3903,False,False
